bug_id,test_path,success,test_length,clus_size_output_fib,num_fib_tests,is_crash,actual_crash,actual_value_match,exception_type_match,test_exception_type_match
Lang_4,Lang_4_n3.txt,False,54,2,2,False,False,True,False,False
Lang_4,Lang_4_n2.txt,True,71,1,1,False,False,False,False,False
Lang_4,Lang_4_n8.txt,True,61,1,1,False,False,False,False,False
Lang_4,Lang_4_n10.txt,False,71,1,1,False,False,True,False,False
Lang_8,Lang_8_n6.txt,True,55,7,3,False,False,False,False,False
Lang_8,Lang_8_n2.txt,True,53,7,1,False,False,False,False,False
Lang_8,Lang_8_n7.txt,False,90,1,1,False,False,False,False,False
Lang_8,Lang_8_n9.txt,True,65,7,1,False,False,False,False,False
Lang_8,Lang_8_n4.txt,False,84,7,1,False,False,False,False,False
Lang_8,Lang_8_n1.txt,False,73,7,1,False,False,False,False,False
Time_15,Time_15_n6.txt,True,34,1,1,True,False,False,False,False
Time_15,Time_15_n8.txt,True,33,2,2,True,False,False,False,False
Time_15,Time_15_n7.txt,True,34,4,4,True,False,False,False,False
Time_15,Time_15_n10.txt,False,31,1,1,True,False,False,False,False
Time_15,Time_15_n5.txt,False,25,1,1,True,False,False,False,False
Lang_15,Lang_15_n5.txt,True,95,10,9,False,True,False,False,False
Lang_15,Lang_15_n6.txt,True,97,10,1,False,True,False,False,False
Chart_9,Chart_9_n6.txt,True,197,3,3,True,True,False,True,False
Time_7,Time_7_n3.txt,False,88,10,9,False,True,False,False,False
Time_7,Time_7_n1.txt,False,92,10,1,False,True,False,False,False
Chart_5,Chart_5_n2.txt,False,81,9,1,False,False,False,False,False
Chart_5,Chart_5_n5.txt,False,49,9,2,False,False,False,False,False
Chart_5,Chart_5_n6.txt,True,85,1,1,False,True,False,False,False
Chart_5,Chart_5_n8.txt,False,65,9,1,False,False,False,False,False
Chart_5,Chart_5_n1.txt,False,81,9,1,False,False,False,False,False
Chart_5,Chart_5_n7.txt,False,65,9,2,False,False,False,False,False
Chart_5,Chart_5_n10.txt,False,65,9,1,False,False,False,False,False
Chart_5,Chart_5_n9.txt,False,83,9,1,False,False,False,False,False
Lang_9,Lang_9_n5.txt,False,44,1,1,False,False,False,False,False
Lang_39,Lang_39_n9.txt,False,55,5,2,True,True,False,False,False
Lang_39,Lang_39_n2.txt,True,55,5,2,True,True,False,False,False
Lang_39,Lang_39_n10.txt,False,65,5,1,True,True,False,False,False
Lang_27,Lang_27_n7.txt,True,29,10,5,True,True,False,True,False
Lang_27,Lang_27_n6.txt,True,29,10,2,True,True,False,True,False
Lang_27,Lang_27_n9.txt,True,29,10,3,True,True,False,True,False
Time_13,Time_13_n7.txt,True,39,4,2,False,False,True,False,False
Time_13,Time_13_n9.txt,True,48,4,1,False,False,True,False,False
Time_13,Time_13_n1.txt,True,49,4,1,False,False,True,False,False
Time_13,Time_13_n2.txt,False,63,1,1,False,False,False,False,False
Lang_34,Lang_34_n1.txt,False,70,1,1,False,True,False,False,False
Time_12,Time_12_n5.txt,False,84,1,1,False,False,False,False,False
Time_12,Time_12_n8.txt,False,85,1,1,False,False,False,False,False
Time_19,Time_19_n6.txt,True,149,1,1,False,False,False,False,False
Lang_26,Lang_26_n4.txt,True,119,10,1,False,False,True,False,False
Lang_26,Lang_26_n9.txt,True,113,10,3,False,False,True,False,False
Lang_26,Lang_26_n8.txt,True,115,10,2,False,False,True,False,False
Lang_26,Lang_26_n2.txt,True,117,10,2,False,False,True,False,False
Lang_26,Lang_26_n1.txt,True,92,10,1,False,False,True,False,False
Lang_26,Lang_26_n10.txt,True,113,10,1,False,False,True,False,False
Chart_11,Chart_11_n2.txt,False,71,6,6,False,False,False,False,False
Lang_37,Lang_37_n7.txt,True,48,3,1,True,True,False,True,False
Lang_37,Lang_37_n8.txt,True,48,3,1,True,True,False,True,False
Lang_37,Lang_37_n6.txt,True,49,3,1,True,True,False,True,False
Lang_10,Lang_10_n6.txt,False,113,1,1,False,True,False,False,False
Lang_10,Lang_10_n8.txt,False,113,1,1,False,True,False,False,False
Lang_36,Lang_36_n5.txt,True,17,10,10,False,False,False,False,False
Lang_16,Lang_16_n10.txt,False,29,5,2,True,False,False,False,True
Lang_16,Lang_16_n7.txt,False,32,5,3,True,False,False,False,True
Lang_16,Lang_16_n1.txt,False,57,1,1,True,False,False,False,True
Time_3,Time_3_n10.txt,True,69,3,3,False,False,False,False,False
Time_3,Time_3_n1.txt,False,70,1,1,False,False,False,False,False
Lang_32,Lang_32_n7.txt,False,61,1,1,False,True,False,False,False
Lang_35,Lang_35_n10.txt,False,26,4,1,True,True,False,True,False
Lang_35,Lang_35_n4.txt,False,34,4,1,True,True,False,True,False
Lang_35,Lang_35_n6.txt,False,38,4,1,True,True,False,True,False
Lang_35,Lang_35_n7.txt,False,36,2,1,True,False,False,False,True
Lang_35,Lang_35_n5.txt,False,44,2,1,True,False,False,False,True
Lang_35,Lang_35_n2.txt,False,34,4,1,True,True,False,True,False
Time_9,Time_9_n10.txt,False,81,1,1,False,False,False,False,False
Time_9,Time_9_n9.txt,False,81,1,1,False,True,False,False,False
Time_9,Time_9_n8.txt,False,130,1,1,False,False,False,False,False
Time_9,Time_9_n7.txt,False,43,1,1,False,True,False,False,False
Lang_24,Lang_24_n5.txt,True,17,10,10,False,False,False,False,False
Lang_1,Lang_1_n8.txt,False,25,4,1,False,True,False,False,False
Lang_1,Lang_1_n1.txt,False,24,4,3,False,True,False,False,False
Time_17,Time_17_n10.txt,False,107,3,2,False,False,False,False,False
Time_17,Time_17_n2.txt,False,91,3,1,False,False,False,False,False
Time_17,Time_17_n6.txt,False,102,1,1,False,False,False,False,False
Lang_6,Lang_6_n9.txt,True,21,1,1,True,True,False,True,False
Lang_3,Lang_3_n1.txt,False,17,1,1,True,False,False,False,False
Lang_3,Lang_3_n10.txt,False,91,7,2,True,False,False,False,False
Lang_3,Lang_3_n8.txt,False,64,7,1,True,False,False,False,False
Lang_3,Lang_3_n9.txt,False,72,7,1,True,False,False,False,False
Lang_3,Lang_3_n6.txt,False,72,7,1,True,False,False,False,False
Lang_3,Lang_3_n3.txt,False,80,7,1,True,False,False,False,False
Lang_3,Lang_3_n4.txt,False,32,2,1,True,False,False,False,False
Lang_3,Lang_3_n2.txt,False,64,2,1,True,False,False,False,False
Lang_3,Lang_3_n5.txt,True,114,7,1,True,False,False,False,False
Lang_5,Lang_5_n3.txt,False,116,4,1,False,True,False,False,False
Lang_5,Lang_5_n4.txt,False,69,4,2,False,True,False,False,False
Lang_5,Lang_5_n9.txt,False,59,1,1,False,False,False,False,False
Lang_5,Lang_5_n5.txt,False,23,1,1,False,False,True,False,False
Lang_5,Lang_5_n10.txt,False,116,1,1,False,True,False,False,False
Lang_5,Lang_5_n1.txt,False,72,1,1,False,True,False,False,False
Lang_5,Lang_5_n7.txt,False,43,4,1,False,True,False,False,False
Lang_5,Lang_5_n2.txt,False,21,1,1,False,True,False,False,False
Lang_5,Lang_5_n6.txt,False,22,1,1,False,True,False,False,False
Time_5,Time_5_n9.txt,False,116,4,1,True,False,False,False,False
Time_5,Time_5_n1.txt,False,106,4,1,True,False,False,False,False
Time_5,Time_5_n5.txt,False,106,4,1,True,False,False,False,False
Time_5,Time_5_n4.txt,False,116,4,1,True,False,False,False,False
Time_10,Time_10_n9.txt,False,74,1,1,True,False,False,False,False
Time_2,Time_2_n6.txt,False,45,1,1,False,False,False,False,False
Lang_40,Lang_40_n2.txt,False,37,6,1,False,False,False,False,False
Lang_40,Lang_40_n8.txt,False,37,6,1,False,False,False,False,False
Lang_40,Lang_40_n1.txt,False,39,6,3,False,False,False,False,False
Lang_40,Lang_40_n10.txt,False,27,6,1,False,False,False,False,False
Lang_28,Lang_28_n3.txt,False,36,3,1,False,False,False,False,False
Lang_28,Lang_28_n10.txt,False,29,3,1,False,False,False,False,False
Lang_28,Lang_28_n9.txt,False,36,1,1,False,False,False,False,False
Lang_28,Lang_28_n7.txt,False,36,3,1,False,False,False,False,False
Lang_28,Lang_28_n2.txt,False,36,3,1,False,False,False,False,False
Lang_28,Lang_28_n5.txt,False,36,1,1,False,False,False,False,False
Lang_28,Lang_28_n1.txt,False,36,3,1,False,False,False,False,False
Lang_28,Lang_28_n4.txt,False,33,3,1,False,False,False,False,False
Lang_13,Lang_13_n5.txt,True,39,1,1,True,True,False,False,False
Time_16,Time_16_n5.txt,False,54,1,1,False,True,False,False,False
Time_16,Time_16_n2.txt,False,54,2,1,False,False,True,False,False
Time_16,Time_16_n10.txt,False,64,1,1,False,True,False,False,False
Time_16,Time_16_n9.txt,False,76,2,1,False,False,True,False,False
Lang_31,Lang_31_n3.txt,True,130,9,1,False,False,False,False,False
Lang_31,Lang_31_n1.txt,True,106,9,1,False,False,False,False,False
Lang_31,Lang_31_n7.txt,True,93,9,1,False,False,False,False,False
Lang_31,Lang_31_n8.txt,True,75,9,1,False,False,False,False,False
Lang_31,Lang_31_n2.txt,False,134,9,1,False,False,False,False,False
Lang_31,Lang_31_n6.txt,True,118,9,1,False,False,False,False,False
Lang_31,Lang_31_n5.txt,True,41,9,3,False,False,False,False,False
Lang_38,Lang_38_n3.txt,False,106,1,1,False,False,False,False,False
Math_1,Math_1_n7.txt,True,57,10,1,True,True,False,False,False
Math_1,Math_1_n8.txt,False,35,10,1,True,True,False,False,False
Math_1,Math_1_n4.txt,True,38,10,1,True,True,False,False,False
Math_1,Math_1_n5.txt,True,37,10,1,True,True,False,False,False
Math_1,Math_1_n3.txt,False,37,10,3,True,True,False,False,False
Math_1,Math_1_n9.txt,True,35,10,1,True,True,False,False,False
Math_1,Math_1_n10.txt,True,43,10,1,True,True,False,False,False
Math_1,Math_1_n2.txt,True,38,10,1,True,True,False,False,False
Math_101,Math_101_n1.txt,False,59,1,1,True,False,False,False,True
Math_101,Math_101_n4.txt,False,48,5,1,True,False,False,False,True
Math_101,Math_101_n3.txt,True,40,1,1,True,True,False,True,False
Math_101,Math_101_n8.txt,False,53,5,1,True,False,False,False,True
Math_101,Math_101_n5.txt,False,60,5,1,True,False,False,False,True
Math_101,Math_101_n9.txt,False,72,5,1,True,False,False,False,True
Math_101,Math_101_n7.txt,False,53,5,1,True,False,False,False,True
Math_101,Math_101_n2.txt,False,60,1,1,True,False,False,False,True
Math_102,Math_102_n7.txt,True,67,2,1,False,False,False,False,False
Math_102,Math_102_n9.txt,True,72,2,1,False,False,False,False,False
Math_105,Math_105_n5.txt,True,148,7,1,False,False,False,False,False
Math_105,Math_105_n8.txt,True,148,7,5,False,False,False,False,False
Math_105,Math_105_n2.txt,True,100,7,1,False,False,False,False,False
Math_106,Math_106_n8.txt,False,147,2,1,False,False,True,False,False
Math_106,Math_106_n7.txt,False,136,1,1,False,False,False,False,False
Math_106,Math_106_n10.txt,False,69,2,2,False,False,True,False,False
Math_106,Math_106_n5.txt,False,145,1,1,False,False,True,False,False
Math_106,Math_106_n3.txt,False,144,1,1,False,False,False,False,False
Math_106,Math_106_n9.txt,False,127,1,1,False,True,False,False,False
Math_106,Math_106_n6.txt,False,177,2,1,False,False,True,False,False
Math_106,Math_106_n4.txt,False,136,1,1,False,False,False,False,False
Math_11,Math_11_n6.txt,True,51,10,5,False,False,False,False,False
Math_11,Math_11_n5.txt,True,51,10,3,False,False,False,False,False
Math_11,Math_11_n4.txt,True,65,10,2,False,False,False,False,False
Math_12,Math_12_n6.txt,False,168,1,1,False,False,False,False,False
Math_12,Math_12_n3.txt,False,115,1,1,False,False,False,False,False
Math_15,Math_15_n2.txt,True,41,10,7,False,False,True,False,False
Math_15,Math_15_n6.txt,True,42,10,2,False,False,True,False,False
Math_15,Math_15_n7.txt,True,51,10,1,False,False,True,False,False
Math_16,Math_16_n10.txt,True,50,10,7,True,False,False,False,False
Math_16,Math_16_n4.txt,True,70,10,1,True,False,False,False,False
Math_16,Math_16_n1.txt,True,50,10,1,True,False,False,False,False
Math_16,Math_16_n3.txt,True,60,10,1,True,False,False,False,False
Math_2,Math_2_n1.txt,True,42,10,1,True,False,False,False,False
Math_2,Math_2_n8.txt,True,42,10,6,True,False,False,False,False
Math_2,Math_2_n9.txt,True,40,10,2,True,False,False,False,False
Math_2,Math_2_n4.txt,True,74,10,1,True,False,False,False,False
Math_22,Math_22_n8.txt,False,62,2,1,False,False,False,False,False
Math_22,Math_22_n4.txt,False,125,2,1,False,False,False,False,False
Math_26,Math_26_n7.txt,True,61,2,2,True,False,False,False,True
Math_26,Math_26_n6.txt,True,55,6,6,True,False,False,False,True
Math_26,Math_26_n8.txt,False,55,1,1,True,False,False,False,False
Math_27,Math_27_n5.txt,False,37,2,2,True,False,False,False,False
Math_27,Math_27_n6.txt,False,37,1,1,True,False,False,False,False
Math_27,Math_27_n8.txt,False,35,1,1,True,False,False,False,False
Math_27,Math_27_n7.txt,False,45,1,1,True,False,False,False,False
Math_27,Math_27_n2.txt,False,37,1,1,True,False,False,False,False
Math_27,Math_27_n10.txt,False,37,1,1,True,False,False,False,False
Math_27,Math_27_n1.txt,False,37,2,2,True,False,False,False,False
Math_27,Math_27_n3.txt,False,33,1,1,True,False,False,False,False
Math_29,Math_29_n7.txt,False,109,4,1,False,False,False,False,False
Math_29,Math_29_n8.txt,False,160,4,1,False,False,False,False,False
Math_29,Math_29_n6.txt,False,174,4,1,False,False,False,False,False
Math_29,Math_29_n5.txt,False,136,1,1,False,False,False,False,False
Math_29,Math_29_n4.txt,False,168,4,1,False,False,False,False,False
Math_30,Math_30_n6.txt,False,102,1,1,True,False,False,False,False
Math_31,Math_31_n10.txt,True,39,1,1,False,False,False,False,False
Math_35,Math_35_n7.txt,True,70,1,1,False,False,False,False,False
Math_35,Math_35_n2.txt,True,54,2,1,False,False,False,False,False
Math_35,Math_35_n9.txt,True,54,1,1,False,False,False,False,False
Math_35,Math_35_n5.txt,True,30,2,1,False,False,False,False,False
Math_36,Math_36_n6.txt,False,43,4,1,False,False,False,False,False
Math_36,Math_36_n10.txt,False,46,4,1,False,False,False,False,False
Math_36,Math_36_n5.txt,False,55,4,1,False,False,False,False,False
Math_36,Math_36_n2.txt,False,48,4,1,False,False,False,False,False
Math_37,Math_37_n10.txt,True,48,2,1,False,False,True,False,False
Math_37,Math_37_n3.txt,True,78,2,1,False,False,True,False,False
Math_38,Math_38_n1.txt,False,44,1,1,False,False,False,False,False
Math_38,Math_38_n3.txt,False,45,1,1,False,False,False,False,False
Math_39,Math_39_n9.txt,False,74,1,1,False,True,False,False,False
Math_41,Math_41_n3.txt,True,83,2,1,False,False,False,False,False
Math_41,Math_41_n6.txt,True,112,2,1,False,False,False,False,False
Math_41,Math_41_n7.txt,False,91,1,1,False,False,False,False,False
Math_43,Math_43_n2.txt,True,71,10,4,False,False,False,False,False
Math_43,Math_43_n1.txt,True,105,10,1,False,False,False,False,False
Math_43,Math_43_n9.txt,True,76,10,4,False,False,False,False,False
Math_43,Math_43_n7.txt,True,127,10,1,False,False,False,False,False
Math_45,Math_45_n6.txt,False,48,2,1,True,False,False,False,False
Math_45,Math_45_n1.txt,False,37,2,1,True,True,False,False,False
Math_45,Math_45_n4.txt,False,37,2,1,True,True,False,False,False
Math_45,Math_45_n9.txt,False,42,2,1,True,False,False,False,False
Math_45,Math_45_n10.txt,False,35,3,1,True,False,False,False,False
Math_45,Math_45_n5.txt,False,42,2,1,True,False,False,False,False
Math_45,Math_45_n7.txt,False,39,3,2,True,False,False,False,False
Math_45,Math_45_n3.txt,False,50,2,1,True,False,False,False,False
Math_45,Math_45_n8.txt,False,36,1,1,True,False,False,False,False
Math_47,Math_47_n4.txt,False,118,1,1,False,False,False,False,False
Math_47,Math_47_n5.txt,False,126,1,1,False,False,False,False,False
Math_47,Math_47_n8.txt,False,129,1,1,False,False,False,False,False
Math_49,Math_49_n1.txt,False,105,7,2,True,True,False,False,True
Math_49,Math_49_n2.txt,False,105,7,1,True,True,False,False,True
Math_49,Math_49_n5.txt,False,107,7,1,True,True,False,False,True
Math_49,Math_49_n4.txt,False,119,7,1,True,True,False,False,True
Math_49,Math_49_n8.txt,False,107,7,1,True,True,False,False,True
Math_49,Math_49_n7.txt,False,67,7,1,True,True,False,False,True
Math_5,Math_5_n5.txt,False,55,7,4,False,False,False,False,False
Math_5,Math_5_n10.txt,False,54,1,1,False,False,True,False,False
Math_5,Math_5_n8.txt,False,55,7,2,False,False,False,False,False
Math_5,Math_5_n2.txt,True,55,7,1,False,False,False,False,False
Math_54,Math_54_n2.txt,True,38,10,3,False,False,False,False,False
Math_54,Math_54_n4.txt,True,51,10,7,False,False,False,False,False
Math_55,Math_55_n6.txt,True,85,9,3,False,False,False,False,False
Math_55,Math_55_n9.txt,True,85,9,2,False,False,False,False,False
Math_55,Math_55_n8.txt,True,85,9,1,False,False,False,False,False
Math_55,Math_55_n3.txt,True,85,9,1,False,False,False,False,False
Math_55,Math_55_n2.txt,True,85,9,2,False,False,False,False,False
Math_56,Math_56_n3.txt,False,103,3,3,False,False,True,False,False
Math_56,Math_56_n1.txt,True,105,2,1,False,False,True,False,False
Math_56,Math_56_n2.txt,True,108,2,1,False,False,True,False,False
Math_58,Math_58_n2.txt,False,78,2,1,True,True,False,False,True
Math_58,Math_58_n10.txt,False,80,2,1,True,True,False,False,True
Math_59,Math_59_n2.txt,True,22,10,2,False,False,True,False,False
Math_59,Math_59_n1.txt,True,29,10,8,False,False,True,False,False
Math_60,Math_60_n9.txt,True,53,4,2,True,True,False,True,False
Math_60,Math_60_n1.txt,True,31,4,1,True,True,False,True,False
Math_60,Math_60_n6.txt,True,55,4,1,True,True,False,True,False
Math_63,Math_63_n3.txt,True,26,5,4,False,False,False,False,False
Math_63,Math_63_n9.txt,True,39,5,1,False,False,False,False,False
Math_75,Math_75_n3.txt,False,60,1,1,False,False,False,False,False
Math_75,Math_75_n6.txt,False,60,1,1,False,False,False,False,False
Math_76,Math_76_n3.txt,False,82,6,4,True,True,False,False,False
Math_76,Math_76_n7.txt,False,84,6,1,True,True,False,False,False
Math_76,Math_76_n4.txt,False,84,6,1,True,True,False,False,False
Math_77,Math_77_n10.txt,True,80,9,2,False,False,False,False,False
Math_77,Math_77_n1.txt,True,99,9,1,False,False,False,False,False
Math_77,Math_77_n2.txt,True,65,9,1,False,False,False,False,False
Math_77,Math_77_n6.txt,True,138,9,1,False,False,False,False,False
Math_77,Math_77_n8.txt,True,65,9,1,False,False,False,False,False
Math_77,Math_77_n3.txt,True,80,9,1,False,False,False,False,False
Math_77,Math_77_n4.txt,True,72,9,1,False,False,False,False,False
Math_77,Math_77_n9.txt,True,133,9,1,False,False,False,False,False
Math_79,Math_79_n8.txt,True,103,7,3,True,True,False,True,False
Math_79,Math_79_n2.txt,True,103,7,3,True,True,False,True,False
Math_79,Math_79_n4.txt,False,67,1,1,True,True,False,False,True
Math_79,Math_79_n3.txt,True,100,7,1,True,True,False,True,False
Math_8,Math_8_n9.txt,False,95,10,1,True,True,False,False,False
Math_8,Math_8_n8.txt,False,103,10,1,True,True,False,False,False
Math_8,Math_8_n10.txt,False,95,10,5,True,True,False,False,False
Math_8,Math_8_n6.txt,False,94,10,2,True,True,False,False,False
Math_8,Math_8_n1.txt,False,93,10,1,True,True,False,False,False
Math_80,Math_80_n7.txt,False,183,1,1,False,True,False,False,False
Math_84,Math_84_n5.txt,False,12,1,1,False,False,False,False,False
Math_84,Math_84_n8.txt,False,12,1,1,False,False,False,False,False
Math_85,Math_85_n7.txt,True,62,8,3,True,True,False,True,False
Math_85,Math_85_n9.txt,True,62,8,1,True,True,False,True,False
Math_85,Math_85_n2.txt,True,62,8,1,True,True,False,True,False
Math_85,Math_85_n5.txt,True,39,8,1,True,True,False,True,False
Math_85,Math_85_n3.txt,True,39,8,1,True,True,False,True,False
Math_85,Math_85_n8.txt,True,62,8,1,True,True,False,True,False
Math_89,Math_89_n6.txt,False,71,10,1,True,True,False,False,True
Math_89,Math_89_n10.txt,False,72,10,2,True,True,False,False,True
Math_89,Math_89_n5.txt,False,74,10,1,True,True,False,False,True
Math_89,Math_89_n2.txt,False,91,10,1,True,True,False,False,True
Math_89,Math_89_n4.txt,False,73,10,1,True,True,False,False,True
Math_89,Math_89_n8.txt,False,71,10,1,True,True,False,False,True
Math_89,Math_89_n9.txt,False,73,10,1,True,True,False,False,True
Math_89,Math_89_n1.txt,False,124,10,1,True,True,False,False,True
Math_89,Math_89_n3.txt,False,69,10,1,True,True,False,False,True
Math_90,Math_90_n3.txt,False,133,10,1,True,False,False,False,True
Math_90,Math_90_n4.txt,False,69,10,3,True,False,False,False,True
Math_90,Math_90_n7.txt,False,72,10,4,True,False,False,False,True
Math_90,Math_90_n6.txt,False,128,10,1,True,False,False,False,True
Math_90,Math_90_n10.txt,False,71,10,1,True,False,False,False,True
Math_91,Math_91_n4.txt,True,41,2,1,False,False,False,False,False
Math_91,Math_91_n3.txt,True,60,2,1,False,False,False,False,False
Math_92,Math_92_n9.txt,True,21,10,10,False,False,False,False,False
Math_93,Math_93_n4.txt,False,76,1,1,False,False,False,False,False
Math_94,Math_94_n8.txt,False,159,1,1,True,False,False,False,False
Math_94,Math_94_n2.txt,True,39,2,2,True,False,False,False,False
Math_94,Math_94_n5.txt,True,45,1,1,True,False,False,False,False
Math_94,Math_94_n1.txt,False,47,1,1,True,False,False,False,False
Math_95,Math_95_n3.txt,False,42,2,1,True,False,False,False,False
Math_95,Math_95_n6.txt,False,42,2,1,True,False,False,False,False
Math_96,Math_96_n9.txt,True,62,4,3,False,False,False,False,False
Math_96,Math_96_n6.txt,True,59,4,3,False,False,False,False,False
Math_96,Math_96_n8.txt,True,57,4,1,False,False,False,False,False
Math_96,Math_96_n10.txt,True,59,4,1,False,False,False,False,False
Math_98,Math_98_n3.txt,False,71,1,1,True,False,False,False,False
Math_98,Math_98_n6.txt,False,72,1,1,True,False,False,False,False
Math_99,Math_99_n6.txt,True,33,2,2,False,False,False,False,False
Math_99,Math_99_n7.txt,True,33,7,7,False,False,False,False,False
Math_99,Math_99_n2.txt,False,33,1,1,False,False,False,False,False
Lang_17,Lang_17_n9.txt,True,33,4,4,False,False,False,False,False
Lang_20,Lang_20_n6.txt,False,47,1,1,True,True,False,False,False
Lang_20,Lang_20_n10.txt,False,63,1,1,True,False,False,False,False
Lang_42,Lang_42_n7.txt,True,68,7,1,False,False,True,False,False
Lang_42,Lang_42_n10.txt,True,68,7,2,False,False,True,False,False
Lang_42,Lang_42_n3.txt,True,68,7,1,False,False,True,False,False
Lang_42,Lang_42_n5.txt,True,64,7,1,False,False,True,False,False
Lang_42,Lang_42_n4.txt,True,68,7,1,False,False,True,False,False
Lang_42,Lang_42_n6.txt,True,64,7,1,False,False,True,False,False
Lang_45,Lang_45_n3.txt,True,35,1,1,True,False,False,False,True
Lang_46,Lang_46_n6.txt,True,34,10,4,False,False,False,False,False
Lang_46,Lang_46_n3.txt,True,37,10,1,False,False,False,False,False
Lang_46,Lang_46_n4.txt,True,37,10,2,False,False,False,False,False
Lang_46,Lang_46_n8.txt,True,34,10,3,False,False,False,False,False
Lang_51,Lang_51_n3.txt,True,17,7,7,True,True,False,True,False
Lang_52,Lang_52_n5.txt,False,34,2,2,False,False,True,False,False
Lang_52,Lang_52_n3.txt,False,34,2,1,False,False,True,False,False
Lang_52,Lang_52_n9.txt,False,34,2,1,False,False,True,False,False
Lang_53,Lang_53_n7.txt,False,105,1,1,False,False,True,False,False
Lang_53,Lang_53_n5.txt,False,75,1,1,False,False,True,False,False
Lang_53,Lang_53_n4.txt,False,103,1,1,False,False,False,False,False
Lang_53,Lang_53_n9.txt,False,162,1,1,False,False,False,False,False
Lang_53,Lang_53_n3.txt,False,81,1,1,False,False,False,False,False
Lang_53,Lang_53_n8.txt,True,94,1,1,False,False,False,False,False
Lang_54,Lang_54_n4.txt,True,29,1,1,True,False,False,False,False
Lang_54,Lang_54_n7.txt,True,32,1,1,True,False,False,False,False
Lang_54,Lang_54_n10.txt,True,37,1,1,True,False,False,False,False
Lang_54,Lang_54_n8.txt,True,32,2,2,True,False,False,False,False
Lang_54,Lang_54_n9.txt,True,32,1,1,True,False,False,False,False
Lang_54,Lang_54_n2.txt,True,32,1,1,True,False,False,False,False
Lang_54,Lang_54_n3.txt,True,38,1,1,True,False,False,False,False
Lang_54,Lang_54_n5.txt,True,38,1,1,True,False,False,False,False
Lang_57,Lang_57_n2.txt,True,25,5,1,True,True,False,True,False
Lang_57,Lang_57_n1.txt,True,53,5,1,True,True,False,True,True
Lang_57,Lang_57_n5.txt,False,36,5,1,True,True,False,True,False
Lang_57,Lang_57_n8.txt,False,32,5,1,True,True,False,True,False
Lang_57,Lang_57_n4.txt,True,27,5,1,True,True,False,True,False
Lang_60,Lang_60_n3.txt,False,73,1,1,False,False,False,False,False
Lang_60,Lang_60_n10.txt,False,72,1,1,False,False,False,False,False
Lang_60,Lang_60_n5.txt,False,72,1,1,False,False,False,False,False
Lang_61,Lang_61_n5.txt,True,70,1,1,True,False,False,False,True
Lang_63,Lang_63_n9.txt,False,134,4,1,False,False,False,False,False
Lang_63,Lang_63_n5.txt,False,124,4,2,False,False,False,False,False
Lang_63,Lang_63_n2.txt,False,134,2,1,False,False,False,False,False
Lang_63,Lang_63_n6.txt,False,124,1,1,False,False,False,False,False
Lang_63,Lang_63_n1.txt,False,82,4,1,False,False,False,False,False
Lang_63,Lang_63_n7.txt,False,124,2,1,False,False,False,False,False
Lang_65,Lang_65_n5.txt,True,49,2,2,False,False,False,False,False
Lang_65,Lang_65_n3.txt,False,80,1,1,False,False,True,False,False
Lang_65,Lang_65_n6.txt,False,79,1,1,False,False,False,False,False
Lang_65,Lang_65_n2.txt,False,63,1,1,False,False,False,False,False
Cli_1,Cli_1_n2.txt,False,98,1,1,False,False,False,False,False
Cli_1,Cli_1_n6.txt,False,99,1,1,False,False,True,False,False
Cli_10,Cli_10_n10.txt,True,109,5,2,True,False,False,False,False
Cli_10,Cli_10_n3.txt,False,105,1,1,True,False,False,False,False
Cli_10,Cli_10_n5.txt,False,103,3,1,True,False,False,False,False
Cli_10,Cli_10_n2.txt,True,97,5,1,True,False,False,False,False
Cli_10,Cli_10_n1.txt,True,109,3,1,True,False,False,False,False
Cli_10,Cli_10_n4.txt,True,97,5,1,True,False,False,False,False
Cli_10,Cli_10_n8.txt,False,109,5,1,True,False,False,False,False
Cli_10,Cli_10_n6.txt,True,95,3,1,True,False,False,False,False
Cli_15,Cli_15_n3.txt,True,209,7,4,False,False,True,False,False
Cli_15,Cli_15_n1.txt,True,182,7,1,False,False,True,False,False
Cli_15,Cli_15_n4.txt,True,195,7,1,False,False,True,False,False
Cli_15,Cli_15_n10.txt,True,177,7,1,False,False,True,False,False
Cli_17,Cli_17_n9.txt,True,116,3,1,False,False,False,False,False
Cli_17,Cli_17_n7.txt,True,100,3,1,False,False,False,False,False
Cli_17,Cli_17_n5.txt,False,95,1,1,False,False,False,False,False
Cli_17,Cli_17_n1.txt,True,116,3,1,False,False,False,False,False
Cli_2,Cli_2_n1.txt,False,102,1,1,False,True,False,False,False
Cli_2,Cli_2_n7.txt,False,111,1,1,False,False,False,False,False
Cli_20,Cli_20_n1.txt,False,133,3,1,False,False,False,False,False
Cli_20,Cli_20_n7.txt,False,133,3,1,False,False,False,False,False
Cli_20,Cli_20_n6.txt,False,133,1,1,False,True,False,False,False
Cli_20,Cli_20_n8.txt,False,122,3,1,False,False,False,False,False
Cli_20,Cli_20_n5.txt,False,85,1,1,False,False,False,False,False
Cli_23,Cli_23_n8.txt,False,81,10,4,True,True,False,False,False
Cli_23,Cli_23_n10.txt,False,81,10,1,True,True,False,False,False
Cli_23,Cli_23_n5.txt,False,72,10,1,True,True,False,False,False
Cli_23,Cli_23_n9.txt,False,81,10,1,True,True,False,False,False
Cli_23,Cli_23_n3.txt,False,67,10,1,True,True,False,False,False
Cli_23,Cli_23_n2.txt,False,81,10,1,True,True,False,False,False
Cli_23,Cli_23_n4.txt,False,81,10,1,True,True,False,False,False
Cli_26,Cli_26_n8.txt,False,79,3,1,True,False,False,False,True
Cli_26,Cli_26_n7.txt,False,61,4,1,True,False,False,False,True
Cli_26,Cli_26_n10.txt,False,95,3,1,True,False,False,False,True
Cli_26,Cli_26_n5.txt,False,66,1,1,True,False,False,False,True
Cli_26,Cli_26_n1.txt,False,71,4,1,True,False,False,False,True
Cli_26,Cli_26_n4.txt,False,79,3,1,True,False,False,False,True
Cli_26,Cli_26_n2.txt,False,72,4,1,True,False,False,False,True
Cli_26,Cli_26_n9.txt,False,76,4,1,True,False,False,False,True
Cli_28,Cli_28_n4.txt,True,224,1,1,False,False,True,False,False
Cli_30,Cli_30_n5.txt,False,126,3,1,False,True,False,False,False
Cli_30,Cli_30_n9.txt,False,132,3,1,False,True,False,False,False
Cli_30,Cli_30_n10.txt,False,115,3,1,False,True,False,False,False
Cli_32,Cli_32_n9.txt,False,51,2,1,True,False,False,False,True
Cli_32,Cli_32_n4.txt,False,50,2,1,True,False,False,False,True
Cli_32,Cli_32_n6.txt,True,56,1,1,True,False,False,False,True
Cli_35,Cli_35_n3.txt,False,138,9,1,True,False,False,False,False
Cli_35,Cli_35_n1.txt,False,139,9,1,True,False,False,False,False
Cli_35,Cli_35_n10.txt,False,129,9,1,True,False,False,False,False
Cli_35,Cli_35_n2.txt,False,129,9,1,True,False,False,False,False
Cli_35,Cli_35_n4.txt,False,141,9,1,True,False,False,False,False
Cli_35,Cli_35_n8.txt,False,129,9,1,True,False,False,False,False
Cli_35,Cli_35_n9.txt,False,134,9,1,True,False,False,False,False
Cli_35,Cli_35_n5.txt,False,141,9,1,True,False,False,False,False
Cli_35,Cli_35_n6.txt,False,124,9,1,True,False,False,False,False
Cli_36,Cli_36_n9.txt,False,216,3,1,False,False,False,False,False
Cli_36,Cli_36_n2.txt,False,252,3,1,False,False,False,False,False
Cli_36,Cli_36_n4.txt,True,208,3,1,False,False,False,False,False
Cli_39,Cli_39_n7.txt,False,106,1,1,False,False,False,False,False
Cli_39,Cli_39_n10.txt,False,105,1,1,False,False,False,False,False
Cli_39,Cli_39_n5.txt,False,99,1,1,False,False,False,False,False
Cli_39,Cli_39_n9.txt,False,80,1,1,False,False,False,False,False
Cli_40,Cli_40_n3.txt,False,43,2,1,False,False,False,False,False
Cli_40,Cli_40_n6.txt,True,47,2,1,False,False,False,False,False
Cli_40,Cli_40_n4.txt,False,35,2,1,False,False,False,False,False
Cli_40,Cli_40_n8.txt,True,39,2,1,False,False,False,False,False
Closure_1,Closure_1_n7.txt,False,46,1,1,False,False,False,False,False
Closure_100,Closure_100_n9.txt,True,7,1,1,False,False,False,False,False
Closure_102,Closure_102_n8.txt,False,65,1,1,False,False,False,False,False
Closure_103,Closure_103_n8.txt,False,43,1,1,True,False,False,False,False
Closure_104,Closure_104_n4.txt,False,67,1,1,False,False,False,False,False
Closure_105,Closure_105_n3.txt,False,42,1,1,False,False,False,False,False
Closure_105,Closure_105_n6.txt,False,44,1,1,False,False,False,False,False
Closure_105,Closure_105_n10.txt,False,50,1,1,False,False,False,False,False
Closure_105,Closure_105_n7.txt,False,44,1,1,False,False,False,False,False
Closure_105,Closure_105_n8.txt,False,60,1,1,False,False,False,False,False
Closure_107,Closure_107_n5.txt,False,152,1,1,False,False,False,False,False
Closure_12,Closure_12_n9.txt,False,48,1,1,False,False,False,False,False
Closure_12,Closure_12_n3.txt,False,44,1,1,False,False,False,False,False
Closure_12,Closure_12_n7.txt,False,72,1,1,False,False,False,False,False
Closure_120,Closure_120_n2.txt,False,64,1,1,False,False,False,False,False
Closure_121,Closure_121_n4.txt,True,45,1,1,False,False,False,False,False
Closure_123,Closure_123_n10.txt,False,62,2,1,False,False,True,False,False
Closure_123,Closure_123_n1.txt,False,64,2,1,False,False,True,False,False
Closure_127,Closure_127_n4.txt,False,46,2,2,True,False,False,False,False
Closure_128,Closure_128_n10.txt,False,58,3,1,False,False,True,False,False
Closure_128,Closure_128_n8.txt,False,51,3,2,False,False,True,False,False
Closure_128,Closure_128_n7.txt,False,51,1,1,False,False,True,False,False
Closure_13,Closure_13_n6.txt,False,43,4,1,False,False,False,False,False
Closure_13,Closure_13_n3.txt,False,58,4,1,False,False,False,False,False
Closure_13,Closure_13_n9.txt,False,44,1,1,False,False,False,False,False
Closure_13,Closure_13_n1.txt,False,53,4,2,False,False,False,False,False
Closure_13,Closure_13_n5.txt,False,53,1,1,False,False,False,False,False
Closure_130,Closure_130_n2.txt,False,73,1,1,False,True,False,False,False
Closure_139,Closure_139_n2.txt,False,62,1,1,False,False,False,False,False
Closure_140,Closure_140_n7.txt,False,29,1,1,False,False,False,False,False
Closure_140,Closure_140_n5.txt,False,33,1,1,False,True,False,False,False
Closure_141,Closure_141_n10.txt,False,27,1,1,False,False,False,False,False
Closure_146,Closure_146_n8.txt,False,61,1,1,False,False,False,False,False
Closure_146,Closure_146_n10.txt,False,71,2,1,False,False,False,False,False
Closure_146,Closure_146_n7.txt,False,60,2,1,False,False,False,False,False
Closure_15,Closure_15_n4.txt,False,67,1,1,False,False,False,False,False
Closure_151,Closure_151_n2.txt,False,76,1,1,False,False,False,False,False
Closure_153,Closure_153_n2.txt,False,31,5,1,False,False,False,False,False
Closure_153,Closure_153_n5.txt,False,42,2,1,False,False,True,False,False
Closure_153,Closure_153_n7.txt,False,51,5,1,False,False,False,False,False
Closure_153,Closure_153_n9.txt,False,55,5,1,False,False,False,False,False
Closure_153,Closure_153_n3.txt,False,51,5,1,False,False,False,False,False
Closure_153,Closure_153_n4.txt,False,58,5,1,False,False,False,False,False
Closure_153,Closure_153_n1.txt,False,28,2,1,False,False,True,False,False
Closure_155,Closure_155_n10.txt,False,61,1,1,False,False,False,False,False
Closure_155,Closure_155_n7.txt,False,98,1,1,False,False,False,False,False
Closure_155,Closure_155_n6.txt,False,106,1,1,False,True,False,False,False
Closure_156,Closure_156_n7.txt,False,58,1,1,True,False,False,False,False
Closure_159,Closure_159_n6.txt,False,50,1,1,False,False,False,False,False
Closure_161,Closure_161_n3.txt,False,68,1,1,False,False,False,False,False
Closure_173,Closure_173_n2.txt,False,29,2,1,False,False,False,False,False
Closure_173,Closure_173_n4.txt,False,25,2,1,False,False,False,False,False
Closure_173,Closure_173_n8.txt,False,27,2,1,False,False,False,False,False
Closure_173,Closure_173_n6.txt,False,27,2,1,False,False,False,False,False
Closure_175,Closure_175_n5.txt,False,59,1,1,False,False,False,False,False
Closure_175,Closure_175_n7.txt,False,63,1,1,False,False,False,False,False
Closure_23,Closure_23_n10.txt,False,17,1,1,False,True,False,False,False
Closure_28,Closure_28_n3.txt,False,50,1,1,False,False,False,False,False
Closure_27,Closure_27_n6.txt,False,111,8,1,True,True,False,False,True
Closure_27,Closure_27_n8.txt,False,111,8,2,True,True,False,False,True
Closure_27,Closure_27_n10.txt,False,111,8,2,True,True,False,False,True
Closure_27,Closure_27_n7.txt,False,82,8,1,True,True,False,False,True
Closure_27,Closure_27_n9.txt,True,106,8,1,True,True,False,False,True
Closure_27,Closure_27_n1.txt,False,111,8,1,True,True,False,False,True
Closure_29,Closure_29_n5.txt,False,72,1,1,False,False,False,False,False
Closure_39,Closure_39_n8.txt,False,62,1,1,False,False,False,False,False
Closure_4,Closure_4_n5.txt,False,30,1,1,True,False,False,False,False
Closure_45,Closure_45_n3.txt,False,115,1,1,False,False,False,False,False
Closure_46,Closure_46_n7.txt,False,22,1,1,True,False,False,False,True
Closure_44,Closure_44_n2.txt,False,36,1,1,False,False,False,False,False
Closure_44,Closure_44_n5.txt,False,36,3,1,False,False,True,False,False
Closure_44,Closure_44_n6.txt,False,36,1,1,False,False,False,False,False
Closure_44,Closure_44_n10.txt,False,36,3,1,False,False,True,False,False
Closure_44,Closure_44_n9.txt,False,51,1,1,False,False,False,False,False
Closure_44,Closure_44_n3.txt,False,36,2,1,False,False,False,False,False
Closure_44,Closure_44_n4.txt,False,51,2,2,False,False,False,False,False
Closure_44,Closure_44_n8.txt,False,51,3,1,False,False,True,False,False
Closure_44,Closure_44_n1.txt,False,51,2,1,False,False,False,False,False
Closure_49,Closure_49_n6.txt,False,61,2,1,False,False,True,False,False
Closure_49,Closure_49_n1.txt,False,61,2,1,False,False,False,False,False
Closure_49,Closure_49_n5.txt,False,61,2,1,False,False,True,False,False
Closure_49,Closure_49_n8.txt,False,61,2,1,False,False,False,False,False
Closure_49,Closure_49_n4.txt,False,44,1,1,False,False,False,False,False
Closure_5,Closure_5_n2.txt,False,37,2,1,False,True,False,False,False
Closure_5,Closure_5_n1.txt,False,50,1,1,False,True,False,False,False
Closure_5,Closure_5_n10.txt,False,81,1,1,False,True,False,False,False
Closure_5,Closure_5_n9.txt,False,37,2,1,False,True,False,False,False
Closure_50,Closure_50_n1.txt,False,80,1,1,False,False,False,False,False
Closure_54,Closure_54_n1.txt,False,92,1,1,False,False,False,False,False
Closure_52,Closure_52_n9.txt,False,36,1,1,False,False,False,False,False
Closure_52,Closure_52_n10.txt,False,51,1,1,False,False,False,False,False
Closure_52,Closure_52_n4.txt,False,51,2,1,False,False,False,False,False
Closure_52,Closure_52_n6.txt,False,58,1,1,False,False,False,False,False
Closure_52,Closure_52_n7.txt,False,51,2,1,False,False,False,False,False
Closure_52,Closure_52_n3.txt,False,44,1,1,False,False,False,False,False
Closure_52,Closure_52_n5.txt,False,51,1,1,False,False,False,False,False
Closure_51,Closure_51_n6.txt,False,40,5,1,False,False,False,False,False
Closure_51,Closure_51_n5.txt,False,33,5,2,False,False,False,False,False
Closure_51,Closure_51_n7.txt,False,36,5,1,False,False,False,False,False
Closure_51,Closure_51_n9.txt,False,38,5,1,False,False,False,False,False
Closure_53,Closure_53_n3.txt,False,161,1,1,True,False,False,False,False
Closure_58,Closure_58_n10.txt,False,41,1,1,False,False,False,False,False
Closure_58,Closure_58_n6.txt,False,41,1,1,False,False,False,False,False
Closure_56,Closure_56_n10.txt,False,139,1,1,False,False,False,False,False
Closure_64,Closure_64_n4.txt,False,106,1,1,False,True,False,False,False
Closure_61,Closure_61_n3.txt,False,44,1,1,False,False,False,False,False
Closure_67,Closure_67_n5.txt,False,60,1,1,False,False,False,False,False
Closure_67,Closure_67_n10.txt,False,115,1,1,False,False,False,False,False
Closure_65,Closure_65_n7.txt,False,40,1,1,False,False,False,False,False
Closure_65,Closure_65_n1.txt,False,33,1,1,False,False,False,False,False
Closure_72,Closure_72_n4.txt,False,86,1,1,True,False,False,False,False
Closure_73,Closure_73_n1.txt,False,55,1,1,False,False,False,False,False
Closure_78,Closure_78_n9.txt,False,31,1,1,True,False,False,False,False
Closure_78,Closure_78_n6.txt,False,43,1,1,True,False,False,False,False
Closure_77,Closure_77_n2.txt,False,43,3,3,False,False,True,False,False
Closure_77,Closure_77_n6.txt,False,52,1,1,False,False,False,False,False
Closure_77,Closure_77_n1.txt,False,43,2,2,False,False,True,False,False
Closure_8,Closure_8_n2.txt,False,44,1,1,False,False,False,False,False
Closure_8,Closure_8_n4.txt,False,44,1,1,False,False,False,False,False
Closure_84,Closure_84_n7.txt,False,59,1,1,False,False,False,False,False
Closure_87,Closure_87_n6.txt,False,36,1,1,False,False,False,False,False
Closure_88,Closure_88_n6.txt,False,112,1,1,False,True,False,False,False
Codec_1,Codec_1_n5.txt,False,50,3,3,False,False,False,False,False
Closure_96,Closure_96_n6.txt,False,91,1,1,False,False,False,False,False
Codec_11,Codec_11_n3.txt,True,38,1,1,True,False,False,False,False
Codec_4,Codec_4_n4.txt,False,60,1,1,False,False,False,False,False
Closure_9,Closure_9_n2.txt,False,113,1,1,False,True,False,False,False
Closure_9,Closure_9_n8.txt,False,111,3,1,False,True,False,False,False
Closure_9,Closure_9_n3.txt,False,126,3,1,False,True,False,False,False
Closure_9,Closure_9_n1.txt,False,111,3,1,False,True,False,False,False
Codec_12,Codec_12_n8.txt,False,55,4,2,False,False,True,False,False
Codec_12,Codec_12_n9.txt,True,55,6,1,False,False,True,False,False
Codec_12,Codec_12_n2.txt,True,55,6,4,False,False,True,False,False
Codec_12,Codec_12_n3.txt,False,55,4,1,False,False,True,False,False
Codec_12,Codec_12_n6.txt,False,55,4,1,False,False,True,False,False
Codec_12,Codec_12_n10.txt,True,55,6,1,False,False,True,False,False
Codec_13,Codec_13_n1.txt,False,54,1,1,True,True,False,True,False
Codec_13,Codec_13_n2.txt,True,44,1,1,True,False,False,False,True
Closure_97,Closure_97_n3.txt,False,24,2,2,False,False,True,False,False
Codec_17,Codec_17_n3.txt,True,27,7,1,False,True,False,False,False
Codec_17,Codec_17_n1.txt,True,37,7,5,False,True,False,False,False
Codec_17,Codec_17_n2.txt,True,37,7,1,False,True,False,False,False
Codec_18,Codec_18_n5.txt,False,31,2,2,False,False,False,False,False
Codec_18,Codec_18_n2.txt,False,31,5,5,False,False,False,False,False
Codec_6,Codec_6_n7.txt,False,96,2,1,True,False,False,False,False
Codec_6,Codec_6_n3.txt,False,80,1,1,True,False,False,False,False
Codec_6,Codec_6_n9.txt,False,85,1,1,True,False,False,False,False
Codec_6,Codec_6_n1.txt,False,81,1,1,True,False,False,False,True
Codec_6,Codec_6_n5.txt,False,85,1,1,True,False,False,False,False
Codec_6,Codec_6_n4.txt,False,79,1,1,True,False,False,False,False
Codec_6,Codec_6_n10.txt,False,128,2,1,True,False,False,False,False
Codec_9,Codec_9_n2.txt,False,56,1,1,True,False,False,False,False
Codec_9,Codec_9_n5.txt,False,46,1,1,True,False,False,False,False
Codec_7,Codec_7_n8.txt,True,35,9,7,False,False,True,False,False
Codec_7,Codec_7_n10.txt,True,38,9,2,False,False,True,False,False
Codec_8,Codec_8_n7.txt,False,102,8,1,True,True,False,True,False
Codec_8,Codec_8_n6.txt,False,84,8,1,True,True,False,True,False
Codec_8,Codec_8_n10.txt,False,84,8,1,True,True,False,True,False
Codec_8,Codec_8_n1.txt,False,91,8,2,True,True,False,True,False
Codec_8,Codec_8_n5.txt,False,99,8,1,True,True,False,True,False
Codec_8,Codec_8_n3.txt,False,98,8,1,True,True,False,True,False
Codec_8,Codec_8_n2.txt,False,98,8,1,True,True,False,True,False
Collections_26,Collections_26_n4.txt,False,159,3,2,False,True,False,False,False
Collections_26,Collections_26_n9.txt,False,151,3,1,False,True,False,False,False
Compress_24,Compress_24_n2.txt,False,136,1,1,True,False,False,False,True
Compress_3,Compress_3_n4.txt,False,75,1,1,False,False,False,False,False
Compress_28,Compress_28_n9.txt,False,53,1,1,True,False,False,False,True
Compress_27,Compress_27_n4.txt,False,95,5,1,True,True,False,False,False
Compress_27,Compress_27_n8.txt,False,122,5,1,True,True,False,False,False
Compress_27,Compress_27_n5.txt,False,66,5,1,True,True,False,False,False
Compress_27,Compress_27_n2.txt,False,76,5,1,True,True,False,False,False
Compress_27,Compress_27_n9.txt,False,68,5,1,True,True,False,False,False
Compress_35,Compress_35_n3.txt,False,125,1,1,False,False,False,False,False
Compress_31,Compress_31_n1.txt,False,51,3,2,True,True,False,False,False
Compress_31,Compress_31_n2.txt,False,51,3,1,True,True,False,False,False
Compress_38,Compress_38_n3.txt,False,58,2,1,False,True,False,False,False
Compress_38,Compress_38_n4.txt,False,72,2,1,False,True,False,False,False
Compress_38,Compress_38_n9.txt,False,85,1,1,False,False,False,False,False
Compress_42,Compress_42_n8.txt,False,53,1,1,False,True,False,False,False
Compress_40,Compress_40_n1.txt,False,101,1,1,True,False,False,False,False
Compress_40,Compress_40_n8.txt,False,127,1,1,True,False,False,False,False
Compress_40,Compress_40_n2.txt,False,88,1,1,True,False,False,False,False
Compress_40,Compress_40_n4.txt,False,136,1,1,True,False,False,False,False
Compress_37,Compress_37_n7.txt,False,59,8,1,True,False,False,False,True
Compress_37,Compress_37_n5.txt,False,59,8,1,True,False,False,False,True
Compress_37,Compress_37_n4.txt,False,59,8,1,True,False,False,False,True
Compress_37,Compress_37_n1.txt,False,59,8,1,True,False,False,False,True
Compress_37,Compress_37_n9.txt,False,59,8,1,True,False,False,False,True
Compress_37,Compress_37_n10.txt,False,54,8,1,True,False,False,False,True
Compress_37,Compress_37_n8.txt,False,59,8,1,True,False,False,False,True
Compress_37,Compress_37_n3.txt,False,59,8,1,True,False,False,False,True
Compress_46,Compress_46_n10.txt,False,53,1,1,False,True,False,False,False
Compress_41,Compress_41_n2.txt,False,48,1,1,True,False,False,False,False
Compress_41,Compress_41_n6.txt,False,52,1,1,True,False,False,False,False
Compress_41,Compress_41_n7.txt,False,52,1,1,True,False,False,False,False
Compress_41,Compress_41_n8.txt,False,52,2,1,True,False,False,False,False
Compress_41,Compress_41_n10.txt,False,59,1,1,True,False,False,False,False
Compress_41,Compress_41_n9.txt,False,54,2,1,True,False,False,False,False
Compress_41,Compress_41_n3.txt,False,53,1,1,True,False,False,False,False
Compress_41,Compress_41_n4.txt,False,59,1,1,True,False,False,False,False
Compress_9,Compress_9_n10.txt,False,146,1,1,False,True,False,False,False
Compress_7,Compress_7_n5.txt,False,82,2,1,False,False,False,False,False
Compress_7,Compress_7_n10.txt,False,78,1,1,False,False,False,False,False
Compress_7,Compress_7_n2.txt,False,82,2,1,False,False,False,False,False
Compress_7,Compress_7_n9.txt,False,114,1,1,False,False,False,False,False
Compress_7,Compress_7_n7.txt,False,114,1,1,False,False,False,False,False
Csv_1,Csv_1_n9.txt,False,123,1,1,False,False,False,False,False
Csv_1,Csv_1_n7.txt,False,113,1,1,False,False,False,False,False
Csv_1,Csv_1_n1.txt,False,61,1,1,False,False,False,False,False
Csv_13,Csv_13_n10.txt,False,63,6,1,False,True,False,False,False
Csv_13,Csv_13_n1.txt,False,70,6,1,False,True,False,False,False
Csv_13,Csv_13_n4.txt,False,68,6,1,False,True,False,False,False
Csv_13,Csv_13_n7.txt,False,74,1,1,False,True,False,False,False
Csv_13,Csv_13_n6.txt,False,68,6,1,False,True,False,False,False
Csv_13,Csv_13_n5.txt,False,74,6,1,False,True,False,False,False
Csv_13,Csv_13_n2.txt,False,67,6,1,False,True,False,False,False
Csv_14,Csv_14_n5.txt,False,64,2,1,False,False,True,False,False
Csv_14,Csv_14_n2.txt,False,64,5,1,False,False,True,False,False
Csv_14,Csv_14_n9.txt,False,64,5,3,False,False,True,False,False
Csv_14,Csv_14_n4.txt,False,75,1,1,False,False,False,False,False
Csv_14,Csv_14_n3.txt,False,59,5,1,False,False,True,False,False
Csv_14,Csv_14_n8.txt,False,64,2,1,False,False,True,False,False
Csv_16,Csv_16_n10.txt,False,119,1,1,False,False,False,False,False
Csv_16,Csv_16_n6.txt,False,115,1,1,False,False,True,False,False
Csv_16,Csv_16_n5.txt,False,119,1,1,False,False,False,False,False
Csv_16,Csv_16_n9.txt,False,143,2,1,False,False,False,False,False
Csv_16,Csv_16_n1.txt,False,214,2,1,False,False,False,False,False
Csv_16,Csv_16_n2.txt,True,128,1,1,False,False,False,False,False
Csv_16,Csv_16_n8.txt,False,115,1,1,False,True,False,False,False
Csv_15,Csv_15_n6.txt,False,78,4,1,False,False,False,False,False
Csv_15,Csv_15_n2.txt,False,84,4,1,False,False,True,False,False
Csv_15,Csv_15_n10.txt,False,79,1,1,False,False,True,False,False
Csv_15,Csv_15_n7.txt,False,79,1,1,False,False,False,False,False
Csv_15,Csv_15_n9.txt,False,75,4,1,False,False,False,False,False
Csv_15,Csv_15_n3.txt,False,74,1,1,False,False,False,False,False
Csv_15,Csv_15_n1.txt,False,88,1,1,False,False,False,False,False
Csv_15,Csv_15_n4.txt,False,82,4,1,False,False,True,False,False
Csv_5,Csv_5_n8.txt,False,72,2,1,False,False,False,False,False
Csv_5,Csv_5_n7.txt,False,67,2,1,False,False,False,False,False
Csv_5,Csv_5_n6.txt,False,61,3,1,False,False,True,False,False
Csv_5,Csv_5_n2.txt,False,43,3,1,False,False,True,False,False
Csv_5,Csv_5_n1.txt,False,43,3,1,False,False,True,False,False
Csv_5,Csv_5_n10.txt,False,68,1,1,False,False,False,False,False
Gson_10,Gson_10_n2.txt,True,143,1,1,False,False,False,False,False
Gson_15,Gson_15_n7.txt,False,122,1,1,False,False,False,False,False
Gson_15,Gson_15_n10.txt,False,108,1,1,False,True,False,False,False
Gson_15,Gson_15_n4.txt,False,96,1,1,False,False,False,False,False
Gson_13,Gson_13_n5.txt,True,63,1,1,False,False,True,False,False
Gson_13,Gson_13_n1.txt,False,60,2,1,False,False,False,False,False
Gson_13,Gson_13_n10.txt,False,90,2,1,False,False,False,False,False
Gson_7,Gson_7_n10.txt,True,43,1,1,False,True,False,False,False
Gson_5,Gson_5_n1.txt,False,44,4,1,True,True,False,False,False
Gson_5,Gson_5_n8.txt,False,44,4,1,True,True,False,False,False
Gson_5,Gson_5_n2.txt,False,42,4,1,True,True,False,False,False
Gson_5,Gson_5_n6.txt,False,48,4,1,True,True,False,False,False
JacksonCore_17,JacksonCore_17_n9.txt,False,69,1,1,True,False,False,False,True
JacksonCore_1,JacksonCore_1_n1.txt,False,67,2,2,True,True,False,False,False
JacksonCore_1,JacksonCore_1_n3.txt,False,59,1,1,True,True,False,False,False
JacksonCore_12,JacksonCore_12_n2.txt,False,111,1,1,False,False,False,False,False
JacksonCore_12,JacksonCore_12_n1.txt,False,188,4,1,False,False,False,False,False
JacksonCore_12,JacksonCore_12_n6.txt,False,189,4,1,False,False,False,False,False
JacksonCore_12,JacksonCore_12_n4.txt,True,102,4,1,False,False,False,False,False
JacksonCore_12,JacksonCore_12_n5.txt,False,140,4,1,False,False,False,False,False
JacksonCore_16,JacksonCore_16_n6.txt,False,222,1,1,False,False,False,False,False
JacksonCore_16,JacksonCore_16_n1.txt,False,90,3,1,False,False,False,False,False
JacksonCore_16,JacksonCore_16_n8.txt,False,90,3,1,False,False,False,False,False
JacksonCore_16,JacksonCore_16_n9.txt,False,186,2,1,False,False,False,False,False
JacksonCore_16,JacksonCore_16_n4.txt,False,194,2,1,False,False,False,False,False
JacksonCore_16,JacksonCore_16_n7.txt,False,107,1,1,False,False,False,False,False
JacksonCore_16,JacksonCore_16_n5.txt,False,90,3,1,False,False,False,False,False
JacksonCore_20,JacksonCore_20_n4.txt,False,107,1,1,True,True,False,False,False
JacksonCore_20,JacksonCore_20_n6.txt,True,84,1,1,True,False,False,False,False
JacksonCore_3,JacksonCore_3_n5.txt,False,118,1,1,True,True,False,False,False
JacksonCore_23,JacksonCore_23_n1.txt,False,38,1,1,False,False,False,False,False
JacksonCore_6,JacksonCore_6_n4.txt,False,29,3,3,False,False,False,False,False
JacksonCore_5,JacksonCore_5_n9.txt,True,22,3,3,True,True,False,False,False
JacksonCore_5,JacksonCore_5_n5.txt,True,29,1,1,True,False,False,False,False
JacksonCore_5,JacksonCore_5_n4.txt,True,29,1,1,True,False,False,False,False
JacksonCore_7,JacksonCore_7_n3.txt,False,76,1,1,True,False,False,False,False
JacksonCore_7,JacksonCore_7_n5.txt,False,63,1,1,True,False,False,False,False
JacksonCore_7,JacksonCore_7_n8.txt,False,74,1,1,True,False,False,False,False
JacksonCore_7,JacksonCore_7_n1.txt,False,102,1,1,True,False,False,False,False
JacksonCore_8,JacksonCore_8_n6.txt,False,62,2,2,False,False,False,False,False
JacksonCore_8,JacksonCore_8_n1.txt,True,119,1,1,False,False,False,False,False
JacksonCore_9,JacksonCore_9_n1.txt,False,68,1,1,False,False,True,False,False
JacksonCore_9,JacksonCore_9_n10.txt,False,108,2,1,False,False,True,False,False
JacksonCore_9,JacksonCore_9_n7.txt,True,119,2,1,False,False,True,False,False
JacksonCore_9,JacksonCore_9_n6.txt,True,50,2,1,False,False,True,False,False
JacksonCore_9,JacksonCore_9_n3.txt,True,56,1,1,False,False,True,False,False
JacksonCore_9,JacksonCore_9_n8.txt,True,64,2,1,False,False,True,False,False
JacksonDatabind_104,JacksonDatabind_104_n5.txt,False,106,1,1,True,True,False,True,True
JacksonDatabind_104,JacksonDatabind_104_n1.txt,False,110,1,1,True,False,False,False,False
JacksonDatabind_104,JacksonDatabind_104_n10.txt,False,115,1,1,True,False,False,False,False
JacksonDatabind_104,JacksonDatabind_104_n9.txt,False,118,1,1,True,True,False,True,False
JacksonDatabind_106,JacksonDatabind_106_n4.txt,False,100,1,1,True,False,False,False,True
JacksonDatabind_103,JacksonDatabind_103_n1.txt,False,70,2,1,True,True,False,False,True
JacksonDatabind_103,JacksonDatabind_103_n6.txt,False,56,5,1,True,False,False,False,True
JacksonDatabind_103,JacksonDatabind_103_n3.txt,False,61,5,1,True,False,False,False,True
JacksonDatabind_103,JacksonDatabind_103_n4.txt,False,66,5,1,True,False,False,False,True
JacksonDatabind_103,JacksonDatabind_103_n7.txt,False,75,2,1,True,True,False,False,True
JacksonDatabind_103,JacksonDatabind_103_n10.txt,False,52,5,1,True,False,False,False,True
JacksonDatabind_103,JacksonDatabind_103_n2.txt,False,70,5,1,True,False,False,False,True
JacksonDatabind_102,JacksonDatabind_102_n7.txt,True,75,7,1,False,False,False,False,False
JacksonDatabind_102,JacksonDatabind_102_n5.txt,True,84,7,1,False,False,False,False,False
JacksonDatabind_102,JacksonDatabind_102_n9.txt,True,78,1,1,False,False,False,False,False
JacksonDatabind_102,JacksonDatabind_102_n4.txt,True,97,7,1,False,False,False,False,False
JacksonDatabind_102,JacksonDatabind_102_n10.txt,True,84,7,1,False,False,False,False,False
JacksonDatabind_102,JacksonDatabind_102_n8.txt,True,82,7,1,False,False,False,False,False
JacksonDatabind_102,JacksonDatabind_102_n6.txt,True,75,7,1,False,False,False,False,False
JacksonDatabind_102,JacksonDatabind_102_n3.txt,False,116,7,1,False,False,False,False,False
JacksonDatabind_105,JacksonDatabind_105_n7.txt,False,44,3,3,False,True,False,False,False
JacksonDatabind_105,JacksonDatabind_105_n3.txt,False,78,1,1,False,True,False,False,False
JacksonDatabind_107,JacksonDatabind_107_n3.txt,False,140,5,1,False,False,False,False,False
JacksonDatabind_107,JacksonDatabind_107_n8.txt,False,165,5,1,False,False,False,False,False
JacksonDatabind_107,JacksonDatabind_107_n6.txt,False,133,5,1,False,False,False,False,False
JacksonDatabind_107,JacksonDatabind_107_n1.txt,False,133,5,1,False,False,False,False,False
JacksonDatabind_107,JacksonDatabind_107_n9.txt,False,128,2,1,False,True,False,False,False
JacksonDatabind_107,JacksonDatabind_107_n4.txt,False,158,5,1,False,False,False,False,False
JacksonDatabind_107,JacksonDatabind_107_n2.txt,False,128,2,1,False,True,False,False,False
JacksonDatabind_108,JacksonDatabind_108_n6.txt,False,47,3,1,True,False,False,False,False
JacksonDatabind_108,JacksonDatabind_108_n7.txt,False,27,3,1,True,False,False,False,False
JacksonDatabind_108,JacksonDatabind_108_n9.txt,False,27,2,1,True,False,False,False,False
JacksonDatabind_108,JacksonDatabind_108_n4.txt,False,58,1,1,True,False,False,False,False
JacksonDatabind_108,JacksonDatabind_108_n8.txt,False,37,3,1,True,False,False,False,False
JacksonDatabind_108,JacksonDatabind_108_n1.txt,False,65,2,1,True,False,False,False,False
JacksonDatabind_108,JacksonDatabind_108_n10.txt,False,68,1,1,True,False,False,False,False
JacksonDatabind_11,JacksonDatabind_11_n8.txt,False,12,1,1,False,False,False,False,False
JacksonDatabind_11,JacksonDatabind_11_n10.txt,False,112,1,1,False,False,False,False,False
JacksonDatabind_11,JacksonDatabind_11_n3.txt,False,160,1,1,False,False,False,False,False
JacksonDatabind_11,JacksonDatabind_11_n9.txt,False,107,1,1,False,True,False,False,False
JacksonDatabind_110,JacksonDatabind_110_n3.txt,False,107,5,1,True,True,False,True,False
JacksonDatabind_110,JacksonDatabind_110_n5.txt,False,105,5,1,True,True,False,True,False
JacksonDatabind_110,JacksonDatabind_110_n10.txt,False,99,5,1,True,True,False,True,False
JacksonDatabind_110,JacksonDatabind_110_n4.txt,False,106,5,1,True,True,False,True,False
JacksonDatabind_110,JacksonDatabind_110_n6.txt,False,107,5,1,True,True,False,True,False
JacksonDatabind_112,JacksonDatabind_112_n9.txt,False,90,3,2,False,True,False,False,False
JacksonDatabind_112,JacksonDatabind_112_n3.txt,False,90,3,1,False,True,False,False,False
JacksonDatabind_112,JacksonDatabind_112_n5.txt,False,102,1,1,False,True,False,False,False
JacksonDatabind_13,JacksonDatabind_13_n6.txt,False,73,3,2,True,True,False,False,False
JacksonDatabind_13,JacksonDatabind_13_n9.txt,False,73,3,1,True,True,False,False,False
JacksonDatabind_13,JacksonDatabind_13_n5.txt,False,99,1,1,True,False,False,False,False
JacksonDatabind_13,JacksonDatabind_13_n3.txt,False,89,4,1,True,True,False,False,False
JacksonDatabind_13,JacksonDatabind_13_n8.txt,False,110,4,1,True,True,False,False,False
JacksonDatabind_13,JacksonDatabind_13_n10.txt,False,73,4,1,True,True,False,False,False
JacksonDatabind_13,JacksonDatabind_13_n2.txt,False,99,1,1,True,False,False,False,False
JacksonDatabind_13,JacksonDatabind_13_n4.txt,False,148,4,1,True,True,False,False,False
JacksonDatabind_18,JacksonDatabind_18_n8.txt,False,100,1,1,True,True,False,False,True
JacksonDatabind_18,JacksonDatabind_18_n4.txt,False,92,1,1,True,False,False,False,True
JacksonDatabind_18,JacksonDatabind_18_n9.txt,False,189,1,1,True,True,False,False,True
JacksonDatabind_18,JacksonDatabind_18_n3.txt,False,138,1,1,True,False,False,False,True
JacksonDatabind_19,JacksonDatabind_19_n10.txt,True,48,3,1,False,False,False,False,False
JacksonDatabind_19,JacksonDatabind_19_n4.txt,True,89,3,1,False,False,False,False,False
JacksonDatabind_19,JacksonDatabind_19_n5.txt,False,70,3,1,False,False,False,False,False
JacksonDatabind_19,JacksonDatabind_19_n9.txt,True,48,1,1,False,False,False,False,False
JacksonDatabind_23,JacksonDatabind_23_n8.txt,False,105,1,1,False,False,False,False,False
JacksonDatabind_23,JacksonDatabind_23_n6.txt,False,150,1,1,False,False,False,False,False
JacksonDatabind_23,JacksonDatabind_23_n10.txt,False,161,1,1,False,False,False,False,False
JacksonDatabind_23,JacksonDatabind_23_n5.txt,False,186,1,1,False,False,False,False,False
JacksonDatabind_22,JacksonDatabind_22_n2.txt,True,136,1,1,False,False,False,False,False
JacksonDatabind_22,JacksonDatabind_22_n5.txt,True,131,1,1,False,False,False,False,False
JacksonDatabind_22,JacksonDatabind_22_n4.txt,True,136,1,1,False,False,False,False,False
JacksonDatabind_22,JacksonDatabind_22_n3.txt,True,131,1,1,False,False,False,False,False
JacksonDatabind_25,JacksonDatabind_25_n9.txt,False,69,1,1,True,True,False,False,False
JacksonDatabind_27,JacksonDatabind_27_n5.txt,False,80,1,1,False,True,False,False,False
JacksonDatabind_27,JacksonDatabind_27_n9.txt,False,85,1,1,False,True,False,False,False
JacksonDatabind_27,JacksonDatabind_27_n2.txt,False,48,1,1,False,False,False,False,False
JacksonDatabind_27,JacksonDatabind_27_n4.txt,False,48,1,1,False,False,False,False,False
JacksonDatabind_27,JacksonDatabind_27_n6.txt,False,85,1,1,False,True,False,False,False
JacksonDatabind_27,JacksonDatabind_27_n7.txt,False,120,1,1,False,True,False,False,False
JacksonDatabind_32,JacksonDatabind_32_n7.txt,False,57,5,3,True,False,False,False,True
JacksonDatabind_32,JacksonDatabind_32_n2.txt,False,57,5,2,True,False,False,False,True
JacksonDatabind_3,JacksonDatabind_3_n8.txt,False,50,7,1,False,True,False,False,False
JacksonDatabind_3,JacksonDatabind_3_n5.txt,False,50,7,1,False,True,False,False,False
JacksonDatabind_3,JacksonDatabind_3_n6.txt,True,48,7,1,False,True,False,False,False
JacksonDatabind_3,JacksonDatabind_3_n1.txt,True,48,7,1,False,True,False,False,False
JacksonDatabind_3,JacksonDatabind_3_n2.txt,False,45,1,1,False,True,False,False,False
JacksonDatabind_3,JacksonDatabind_3_n4.txt,False,55,7,1,False,True,False,False,False
JacksonDatabind_3,JacksonDatabind_3_n10.txt,True,48,7,1,False,True,False,False,False
JacksonDatabind_3,JacksonDatabind_3_n7.txt,True,55,1,1,False,False,False,False,False
JacksonDatabind_3,JacksonDatabind_3_n3.txt,True,48,7,1,False,True,False,False,False
JacksonDatabind_31,JacksonDatabind_31_n3.txt,False,178,2,1,False,True,False,False,False
JacksonDatabind_31,JacksonDatabind_31_n9.txt,False,177,2,1,False,True,False,False,False
JacksonDatabind_34,JacksonDatabind_34_n5.txt,False,107,1,1,False,False,False,False,False
JacksonDatabind_35,JacksonDatabind_35_n7.txt,False,120,1,1,False,True,False,False,False
JacksonDatabind_35,JacksonDatabind_35_n3.txt,False,94,1,1,False,True,False,False,False
JacksonDatabind_36,JacksonDatabind_36_n5.txt,False,48,1,1,False,False,False,False,False
JacksonDatabind_36,JacksonDatabind_36_n10.txt,False,116,1,1,False,False,False,False,False
JacksonDatabind_38,JacksonDatabind_38_n7.txt,False,57,3,1,True,False,False,False,False
JacksonDatabind_38,JacksonDatabind_38_n3.txt,False,39,3,1,True,False,False,False,False
JacksonDatabind_38,JacksonDatabind_38_n2.txt,False,31,3,1,True,False,False,False,False
JacksonDatabind_4,JacksonDatabind_4_n5.txt,False,64,3,1,True,True,False,False,True
JacksonDatabind_4,JacksonDatabind_4_n9.txt,False,67,1,1,True,True,False,False,True
JacksonDatabind_4,JacksonDatabind_4_n10.txt,False,83,1,1,True,True,False,False,True
JacksonDatabind_4,JacksonDatabind_4_n6.txt,False,81,3,1,True,True,False,False,True
JacksonDatabind_4,JacksonDatabind_4_n1.txt,False,98,1,1,True,True,False,False,True
JacksonDatabind_4,JacksonDatabind_4_n4.txt,False,64,1,1,True,False,False,False,True
JacksonDatabind_4,JacksonDatabind_4_n7.txt,False,64,3,1,True,True,False,False,True
JacksonDatabind_47,JacksonDatabind_47_n1.txt,False,42,1,1,True,False,False,False,False
JacksonDatabind_41,JacksonDatabind_41_n9.txt,False,98,1,1,False,False,False,False,False
JacksonDatabind_40,JacksonDatabind_40_n1.txt,False,57,8,3,True,False,False,False,False
JacksonDatabind_40,JacksonDatabind_40_n8.txt,True,57,8,1,True,False,False,False,True
JacksonDatabind_40,JacksonDatabind_40_n10.txt,True,55,8,1,True,False,False,False,True
JacksonDatabind_40,JacksonDatabind_40_n9.txt,True,57,8,1,True,False,False,False,False
JacksonDatabind_40,JacksonDatabind_40_n3.txt,False,62,8,1,True,False,False,False,True
JacksonDatabind_40,JacksonDatabind_40_n4.txt,False,57,2,1,True,False,False,False,False
JacksonDatabind_40,JacksonDatabind_40_n5.txt,True,57,2,1,True,False,False,False,False
JacksonDatabind_40,JacksonDatabind_40_n7.txt,False,58,8,1,True,False,False,False,False
JacksonDatabind_42,JacksonDatabind_42_n10.txt,True,66,2,1,False,False,True,False,False
JacksonDatabind_42,JacksonDatabind_42_n2.txt,True,68,2,1,False,False,True,False,False
JacksonDatabind_46,JacksonDatabind_46_n3.txt,False,45,7,2,False,False,False,False,False
JacksonDatabind_46,JacksonDatabind_46_n4.txt,False,45,7,1,False,False,False,False,False
JacksonDatabind_46,JacksonDatabind_46_n2.txt,False,50,7,2,False,False,False,False,False
JacksonDatabind_46,JacksonDatabind_46_n1.txt,False,45,7,1,False,False,False,False,False
JacksonDatabind_46,JacksonDatabind_46_n6.txt,False,45,7,1,False,False,False,False,False
JacksonDatabind_6,JacksonDatabind_6_n1.txt,True,59,1,1,False,True,False,False,False
JacksonDatabind_6,JacksonDatabind_6_n8.txt,False,123,2,1,False,True,False,False,False
JacksonDatabind_6,JacksonDatabind_6_n3.txt,False,77,2,1,False,True,False,False,False
JacksonDatabind_6,JacksonDatabind_6_n9.txt,True,81,1,1,False,False,False,False,False
JacksonDatabind_60,JacksonDatabind_60_n4.txt,False,104,4,1,False,False,False,False,False
JacksonDatabind_60,JacksonDatabind_60_n7.txt,False,84,4,2,False,False,False,False,False
JacksonDatabind_60,JacksonDatabind_60_n6.txt,False,64,4,1,False,False,False,False,False
JacksonDatabind_58,JacksonDatabind_58_n5.txt,False,109,1,1,True,False,False,False,False
JacksonDatabind_56,JacksonDatabind_56_n3.txt,True,40,8,6,False,False,False,False,False
JacksonDatabind_56,JacksonDatabind_56_n9.txt,True,66,8,1,False,False,False,False,False
JacksonDatabind_56,JacksonDatabind_56_n6.txt,True,62,8,1,False,False,False,False,False
JacksonDatabind_61,JacksonDatabind_61_n6.txt,False,120,1,1,True,True,False,False,False
JacksonDatabind_62,JacksonDatabind_62_n10.txt,True,104,6,1,True,True,False,True,False
JacksonDatabind_62,JacksonDatabind_62_n9.txt,False,87,6,1,True,True,False,True,False
JacksonDatabind_62,JacksonDatabind_62_n7.txt,True,92,6,1,True,True,False,True,False
JacksonDatabind_62,JacksonDatabind_62_n8.txt,True,92,6,1,True,True,False,True,False
JacksonDatabind_62,JacksonDatabind_62_n3.txt,True,92,6,1,True,True,False,True,False
JacksonDatabind_62,JacksonDatabind_62_n1.txt,True,92,6,1,True,True,False,True,False
JacksonDatabind_64,JacksonDatabind_64_n1.txt,False,74,1,1,False,True,False,False,False
JacksonDatabind_71,JacksonDatabind_71_n3.txt,False,71,1,1,False,False,False,False,False
JacksonDatabind_72,JacksonDatabind_72_n1.txt,False,83,9,4,True,True,False,False,True
JacksonDatabind_72,JacksonDatabind_72_n4.txt,False,83,9,3,True,True,False,False,True
JacksonDatabind_72,JacksonDatabind_72_n5.txt,False,83,9,2,True,True,False,False,True
JacksonDatabind_74,JacksonDatabind_74_n9.txt,False,88,6,1,False,True,False,False,False
JacksonDatabind_74,JacksonDatabind_74_n10.txt,False,110,6,1,False,True,False,False,False
JacksonDatabind_74,JacksonDatabind_74_n4.txt,False,101,6,1,False,True,False,False,False
JacksonDatabind_74,JacksonDatabind_74_n8.txt,False,103,6,1,False,True,False,False,False
JacksonDatabind_74,JacksonDatabind_74_n6.txt,False,128,6,1,False,True,False,False,False
JacksonDatabind_74,JacksonDatabind_74_n1.txt,False,100,6,1,False,True,False,False,False
JacksonDatabind_8,JacksonDatabind_8_n7.txt,False,72,1,1,True,False,False,False,False
JacksonDatabind_8,JacksonDatabind_8_n8.txt,False,57,2,1,True,False,False,False,False
JacksonDatabind_8,JacksonDatabind_8_n1.txt,False,66,2,1,True,False,False,False,False
JacksonDatabind_87,JacksonDatabind_87_n7.txt,False,110,1,1,False,False,False,False,False
JacksonDatabind_87,JacksonDatabind_87_n1.txt,False,116,2,1,False,False,False,False,False
JacksonDatabind_87,JacksonDatabind_87_n8.txt,False,97,2,1,False,False,False,False,False
JacksonDatabind_80,JacksonDatabind_80_n1.txt,False,123,1,1,False,False,False,False,False
JacksonDatabind_81,JacksonDatabind_81_n5.txt,False,128,2,1,False,True,False,False,False
JacksonDatabind_81,JacksonDatabind_81_n6.txt,False,114,3,1,False,False,False,False,False
JacksonDatabind_81,JacksonDatabind_81_n2.txt,False,114,3,1,False,False,False,False,False
JacksonDatabind_81,JacksonDatabind_81_n8.txt,False,128,2,1,False,True,False,False,False
JacksonDatabind_81,JacksonDatabind_81_n3.txt,False,116,3,1,False,False,False,False,False
JacksonDatabind_85,JacksonDatabind_85_n3.txt,False,135,1,1,False,False,False,False,False
JacksonDatabind_85,JacksonDatabind_85_n4.txt,False,131,1,1,False,False,False,False,False
JacksonDatabind_85,JacksonDatabind_85_n5.txt,False,161,1,1,False,False,False,False,False
JacksonDatabind_85,JacksonDatabind_85_n8.txt,False,172,1,1,False,False,False,False,False
JacksonDatabind_9,JacksonDatabind_9_n8.txt,False,59,1,1,True,False,False,False,True
JacksonDatabind_88,JacksonDatabind_88_n7.txt,False,78,1,1,False,False,False,False,False
JacksonDatabind_92,JacksonDatabind_92_n2.txt,False,62,3,1,False,False,False,False,False
JacksonDatabind_92,JacksonDatabind_92_n1.txt,False,48,3,1,False,False,False,False,False
JacksonDatabind_92,JacksonDatabind_92_n9.txt,False,48,1,1,False,False,False,False,False
JacksonDatabind_92,JacksonDatabind_92_n5.txt,False,73,3,1,False,False,False,False,False
JacksonDatabind_92,JacksonDatabind_92_n3.txt,False,48,1,1,False,False,False,False,False
JacksonDatabind_92,JacksonDatabind_92_n6.txt,False,62,1,1,False,False,False,False,False
JacksonDatabind_92,JacksonDatabind_92_n4.txt,False,7,2,2,False,True,False,False,False
JacksonXml_1,JacksonXml_1_n1.txt,False,114,1,1,False,True,False,False,False
JacksonXml_4,JacksonXml_4_n2.txt,False,123,1,1,False,False,False,False,False
JacksonXml_4,JacksonXml_4_n8.txt,False,111,1,1,False,True,False,False,False
JacksonXml_3,JacksonXml_3_n3.txt,False,97,1,1,False,False,True,False,False
JacksonXml_3,JacksonXml_3_n5.txt,False,92,1,1,False,False,False,False,False
JacksonXml_3,JacksonXml_3_n7.txt,False,85,1,1,False,False,True,False,False
JacksonDatabind_94,JacksonDatabind_94_n10.txt,False,93,1,1,False,False,False,False,False
JacksonDatabind_94,JacksonDatabind_94_n2.txt,False,48,2,1,False,False,False,False,False
JacksonDatabind_94,JacksonDatabind_94_n6.txt,False,62,3,1,False,False,False,False,False
JacksonDatabind_94,JacksonDatabind_94_n4.txt,False,48,1,1,False,False,False,False,False
JacksonDatabind_94,JacksonDatabind_94_n3.txt,False,48,1,1,False,False,False,False,False
JacksonDatabind_94,JacksonDatabind_94_n1.txt,False,62,3,1,False,False,False,False,False
JacksonDatabind_94,JacksonDatabind_94_n8.txt,False,48,3,1,False,False,False,False,False
JacksonDatabind_94,JacksonDatabind_94_n5.txt,False,78,2,1,False,False,False,False,False
Jsoup_1,Jsoup_1_n3.txt,True,33,10,7,False,False,True,False,False
Jsoup_1,Jsoup_1_n7.txt,True,38,10,3,False,False,True,False,False
Jsoup_15,Jsoup_15_n3.txt,False,49,1,1,False,False,False,False,False
Jsoup_12,Jsoup_12_n4.txt,False,37,3,1,True,True,False,False,False
Jsoup_12,Jsoup_12_n9.txt,True,92,3,1,True,True,False,False,False
Jsoup_12,Jsoup_12_n6.txt,True,36,3,1,True,True,False,False,False
Jsoup_10,Jsoup_10_n8.txt,False,56,5,1,False,False,False,False,False
Jsoup_10,Jsoup_10_n6.txt,False,86,5,2,False,False,False,False,False
Jsoup_10,Jsoup_10_n1.txt,False,58,5,1,False,False,False,False,False
Jsoup_10,Jsoup_10_n4.txt,False,70,2,1,False,False,False,False,False
Jsoup_10,Jsoup_10_n7.txt,False,63,5,1,False,False,False,False,False
Jsoup_10,Jsoup_10_n10.txt,False,90,2,1,False,False,False,False,False
Jsoup_11,Jsoup_11_n1.txt,True,38,3,1,False,True,False,False,False
Jsoup_11,Jsoup_11_n4.txt,True,66,3,1,False,True,False,False,False
Jsoup_11,Jsoup_11_n9.txt,True,66,3,1,False,True,False,False,False
JacksonDatabind_95,JacksonDatabind_95_n5.txt,False,77,1,1,True,False,False,False,False
JacksonDatabind_95,JacksonDatabind_95_n3.txt,True,46,1,1,True,False,False,False,False
JacksonDatabind_95,JacksonDatabind_95_n8.txt,False,81,1,1,True,True,False,False,False
JacksonDatabind_96,JacksonDatabind_96_n6.txt,False,83,3,1,False,True,False,False,False
JacksonDatabind_96,JacksonDatabind_96_n9.txt,False,159,1,1,False,True,False,False,False
JacksonDatabind_96,JacksonDatabind_96_n7.txt,False,78,3,1,False,True,False,False,False
JacksonDatabind_96,JacksonDatabind_96_n10.txt,False,117,1,1,False,True,False,False,False
JacksonDatabind_96,JacksonDatabind_96_n5.txt,False,71,3,1,False,True,False,False,False
Jsoup_13,Jsoup_13_n6.txt,False,53,5,3,False,False,False,False,False
Jsoup_13,Jsoup_13_n1.txt,False,53,5,2,False,False,False,False,False
Jsoup_16,Jsoup_16_n7.txt,False,48,1,1,False,False,False,False,False
Jsoup_14,Jsoup_14_n1.txt,True,60,10,4,False,False,False,False,False
Jsoup_14,Jsoup_14_n6.txt,True,60,10,4,False,False,False,False,False
Jsoup_14,Jsoup_14_n3.txt,True,62,10,1,False,False,False,False,False
Jsoup_14,Jsoup_14_n10.txt,True,62,10,1,False,False,False,False,False
Jsoup_2,Jsoup_2_n8.txt,False,41,1,1,False,False,False,False,False
Jsoup_2,Jsoup_2_n3.txt,False,58,1,1,False,False,False,False,False
Jsoup_21,Jsoup_21_n6.txt,True,40,1,1,True,True,False,True,False
Jsoup_22,Jsoup_22_n6.txt,False,86,1,1,True,False,False,False,False
Jsoup_22,Jsoup_22_n10.txt,True,58,3,1,True,True,False,False,False
Jsoup_22,Jsoup_22_n9.txt,True,58,3,1,True,True,False,False,False
Jsoup_22,Jsoup_22_n4.txt,False,86,3,1,True,True,False,False,False
Jsoup_20,Jsoup_20_n7.txt,False,50,7,4,False,True,False,False,False
Jsoup_20,Jsoup_20_n8.txt,False,54,7,1,False,True,False,False,False
Jsoup_20,Jsoup_20_n2.txt,False,50,7,2,False,True,False,False,False
Jsoup_23,Jsoup_23_n8.txt,False,43,3,2,False,False,False,False,False
Jsoup_23,Jsoup_23_n10.txt,True,40,5,1,False,False,False,False,False
Jsoup_23,Jsoup_23_n5.txt,True,35,5,2,False,False,False,False,False
Jsoup_23,Jsoup_23_n9.txt,True,47,5,1,False,False,False,False,False
Jsoup_23,Jsoup_23_n4.txt,True,35,5,1,False,False,False,False,False
Jsoup_23,Jsoup_23_n6.txt,False,52,3,1,False,False,False,False,False
Jsoup_26,Jsoup_26_n3.txt,True,44,3,1,True,True,False,False,False
Jsoup_26,Jsoup_26_n7.txt,True,49,3,1,True,True,False,False,False
Jsoup_26,Jsoup_26_n5.txt,False,55,3,1,True,True,False,False,False
Jsoup_25,Jsoup_25_n5.txt,True,44,2,2,False,False,False,False,False
Jsoup_25,Jsoup_25_n7.txt,True,44,2,2,False,False,False,False,False
Jsoup_25,Jsoup_25_n10.txt,False,45,2,1,False,False,False,False,False
Jsoup_25,Jsoup_25_n1.txt,False,44,2,1,False,False,False,False,False
Jsoup_25,Jsoup_25_n3.txt,False,47,2,1,False,False,False,False,False
Jsoup_25,Jsoup_25_n2.txt,False,44,2,1,False,False,False,False,False
Jsoup_28,Jsoup_28_n10.txt,True,59,2,1,False,False,False,False,False
Jsoup_28,Jsoup_28_n7.txt,True,61,2,1,False,False,False,False,False
Jsoup_3,Jsoup_3_n4.txt,False,55,6,2,False,False,False,False,False
Jsoup_3,Jsoup_3_n9.txt,False,64,6,1,False,False,False,False,False
Jsoup_3,Jsoup_3_n6.txt,False,62,6,1,False,False,False,False,False
Jsoup_3,Jsoup_3_n3.txt,False,55,6,1,False,False,False,False,False
Jsoup_3,Jsoup_3_n2.txt,False,72,6,1,False,False,False,False,False
Jsoup_29,Jsoup_29_n1.txt,False,43,4,3,False,False,False,False,False
Jsoup_29,Jsoup_29_n8.txt,False,48,4,1,False,False,False,False,False
Jsoup_29,Jsoup_29_n7.txt,False,47,5,1,False,False,False,False,False
Jsoup_29,Jsoup_29_n9.txt,False,77,5,1,False,False,False,False,False
Jsoup_29,Jsoup_29_n3.txt,False,67,5,1,False,False,False,False,False
Jsoup_29,Jsoup_29_n6.txt,True,77,5,1,False,False,False,False,False
Jsoup_29,Jsoup_29_n2.txt,False,42,5,1,False,False,False,False,False
Jsoup_29,Jsoup_29_n5.txt,False,50,1,1,False,False,False,False,False
Jsoup_31,Jsoup_31_n6.txt,False,51,2,1,False,False,False,False,False
Jsoup_31,Jsoup_31_n9.txt,False,38,8,3,False,False,True,False,False
Jsoup_31,Jsoup_31_n1.txt,False,33,8,5,False,False,True,False,False
Jsoup_31,Jsoup_31_n3.txt,False,41,2,1,False,False,False,False,False
Jsoup_34,Jsoup_34_n2.txt,False,37,3,1,True,False,False,False,True
Jsoup_34,Jsoup_34_n9.txt,False,39,1,1,True,False,False,False,False
Jsoup_34,Jsoup_34_n10.txt,False,43,1,1,True,False,False,False,False
Jsoup_34,Jsoup_34_n4.txt,False,37,2,1,True,False,False,False,True
Jsoup_34,Jsoup_34_n3.txt,False,39,3,1,True,False,False,False,True
Jsoup_34,Jsoup_34_n8.txt,False,37,3,1,True,False,False,False,True
Jsoup_34,Jsoup_34_n7.txt,False,37,2,1,True,False,False,False,True
Jsoup_35,Jsoup_35_n2.txt,False,37,2,2,True,False,False,False,False
Jsoup_35,Jsoup_35_n1.txt,False,83,1,1,True,False,False,False,False
Jsoup_35,Jsoup_35_n9.txt,False,55,2,1,True,False,False,False,False
Jsoup_35,Jsoup_35_n6.txt,False,105,1,1,True,False,False,False,False
Jsoup_35,Jsoup_35_n5.txt,False,52,1,1,True,False,False,False,False
Jsoup_35,Jsoup_35_n4.txt,False,77,2,1,True,False,False,False,False
Jsoup_35,Jsoup_35_n10.txt,False,37,1,1,True,False,False,False,False
Jsoup_35,Jsoup_35_n7.txt,False,109,1,1,True,False,False,False,False
Jsoup_35,Jsoup_35_n8.txt,True,52,1,1,True,False,False,False,False
Jsoup_38,Jsoup_38_n9.txt,False,33,2,2,False,False,False,False,False
Jsoup_38,Jsoup_38_n7.txt,True,55,2,1,False,False,False,False,False
Jsoup_38,Jsoup_38_n2.txt,True,51,2,1,False,False,False,False,False
Jsoup_38,Jsoup_38_n8.txt,True,57,1,1,False,False,True,False,False
Jsoup_36,Jsoup_36_n5.txt,False,64,9,1,True,True,False,False,False
Jsoup_36,Jsoup_36_n8.txt,False,55,9,1,True,True,False,False,False
Jsoup_36,Jsoup_36_n9.txt,False,46,9,2,True,True,False,False,False
Jsoup_36,Jsoup_36_n1.txt,False,63,9,1,True,True,False,False,False
Jsoup_36,Jsoup_36_n6.txt,False,32,9,1,True,True,False,False,False
Jsoup_36,Jsoup_36_n2.txt,False,46,9,1,True,True,False,False,False
Jsoup_36,Jsoup_36_n3.txt,False,37,9,1,True,True,False,False,False
Jsoup_36,Jsoup_36_n4.txt,False,33,9,1,True,True,False,False,False
Jsoup_37,Jsoup_37_n9.txt,False,50,1,1,False,False,False,False,False
Jsoup_37,Jsoup_37_n2.txt,False,50,3,2,False,False,False,False,False
Jsoup_37,Jsoup_37_n8.txt,False,52,1,1,False,False,False,False,False
Jsoup_37,Jsoup_37_n3.txt,False,50,3,1,False,False,False,False,False
Jsoup_37,Jsoup_37_n1.txt,False,50,1,1,False,False,False,False,False
Jsoup_37,Jsoup_37_n7.txt,False,48,1,1,False,False,False,False,False
Jsoup_37,Jsoup_37_n6.txt,False,58,1,1,False,False,False,False,False
Jsoup_37,Jsoup_37_n4.txt,False,47,1,1,False,False,False,False,False
Jsoup_4,Jsoup_4_n6.txt,True,30,10,3,False,False,True,False,False
Jsoup_4,Jsoup_4_n2.txt,True,40,10,7,False,False,True,False,False
Jsoup_39,Jsoup_39_n8.txt,False,73,9,1,False,True,False,False,False
Jsoup_39,Jsoup_39_n2.txt,False,67,9,1,False,True,False,False,False
Jsoup_39,Jsoup_39_n9.txt,False,73,9,1,False,True,False,False,False
Jsoup_39,Jsoup_39_n3.txt,False,73,9,1,False,True,False,False,False
Jsoup_39,Jsoup_39_n4.txt,False,59,9,1,False,True,False,False,False
Jsoup_39,Jsoup_39_n10.txt,False,71,9,1,False,True,False,False,False
Jsoup_39,Jsoup_39_n1.txt,False,72,9,1,False,True,False,False,False
Jsoup_39,Jsoup_39_n7.txt,False,67,9,1,False,True,False,False,False
Jsoup_39,Jsoup_39_n5.txt,False,67,9,1,False,True,False,False,False
Jsoup_43,Jsoup_43_n3.txt,False,71,1,1,False,False,False,False,False
Jsoup_44,Jsoup_44_n1.txt,True,93,3,3,False,False,False,False,False
Jsoup_44,Jsoup_44_n8.txt,True,101,2,1,False,False,False,False,False
Jsoup_44,Jsoup_44_n2.txt,True,93,3,2,False,False,False,False,False
Jsoup_44,Jsoup_44_n10.txt,True,93,3,1,False,False,False,False,False
Jsoup_44,Jsoup_44_n9.txt,True,107,2,1,False,False,False,False,False
Jsoup_44,Jsoup_44_n5.txt,False,112,1,1,False,False,False,False,False
Jsoup_5,Jsoup_5_n4.txt,True,28,7,1,True,True,False,True,False
Jsoup_5,Jsoup_5_n6.txt,False,28,7,2,True,True,False,True,False
Jsoup_5,Jsoup_5_n7.txt,True,22,7,1,True,True,False,True,False
Jsoup_5,Jsoup_5_n8.txt,False,33,7,2,True,True,False,True,False
Jsoup_5,Jsoup_5_n1.txt,True,38,2,2,True,False,False,False,True
Jsoup_5,Jsoup_5_n9.txt,True,23,7,1,True,True,False,True,False
Jsoup_47,Jsoup_47_n3.txt,False,57,1,1,False,True,False,False,False
Jsoup_47,Jsoup_47_n7.txt,False,48,1,1,False,False,False,False,False
Jsoup_47,Jsoup_47_n4.txt,False,48,3,1,False,False,False,False,False
Jsoup_47,Jsoup_47_n2.txt,False,43,3,1,False,False,False,False,False
Jsoup_47,Jsoup_47_n1.txt,False,48,4,1,False,False,True,False,False
Jsoup_47,Jsoup_47_n9.txt,False,48,4,1,False,False,True,False,False
Jsoup_47,Jsoup_47_n10.txt,False,43,4,1,False,False,True,False,False
Jsoup_47,Jsoup_47_n5.txt,False,54,4,1,False,False,True,False,False
Jsoup_47,Jsoup_47_n6.txt,False,39,3,1,False,False,False,False,False
Jsoup_49,Jsoup_49_n9.txt,False,76,3,1,False,False,False,False,False
Jsoup_49,Jsoup_49_n6.txt,False,105,1,1,False,True,False,False,False
Jsoup_49,Jsoup_49_n1.txt,False,114,1,1,False,False,False,False,False
Jsoup_49,Jsoup_49_n10.txt,False,100,2,1,False,True,False,False,False
Jsoup_49,Jsoup_49_n2.txt,False,76,3,1,False,False,False,False,False
Jsoup_49,Jsoup_49_n3.txt,False,76,3,1,False,False,False,False,False
Jsoup_49,Jsoup_49_n5.txt,False,93,2,1,False,True,False,False,False
Jsoup_49,Jsoup_49_n4.txt,False,72,1,1,False,False,False,False,False
Jsoup_56,Jsoup_56_n9.txt,False,43,1,1,False,False,False,False,False
Jsoup_56,Jsoup_56_n6.txt,False,68,2,1,False,False,False,False,False
Jsoup_56,Jsoup_56_n2.txt,False,63,3,2,False,False,False,False,False
Jsoup_56,Jsoup_56_n7.txt,False,63,2,1,False,False,False,False,False
Jsoup_56,Jsoup_56_n3.txt,True,41,1,1,False,False,False,False,False
Jsoup_56,Jsoup_56_n1.txt,False,61,3,1,False,False,False,False,False
Jsoup_52,Jsoup_52_n3.txt,False,53,10,5,False,True,False,False,False
Jsoup_52,Jsoup_52_n1.txt,False,53,10,3,False,True,False,False,False
Jsoup_52,Jsoup_52_n6.txt,False,53,10,2,False,True,False,False,False
Jsoup_60,Jsoup_60_n1.txt,False,91,3,1,False,True,False,False,False
Jsoup_60,Jsoup_60_n10.txt,False,91,2,2,False,True,False,False,False
Jsoup_60,Jsoup_60_n3.txt,False,73,3,1,False,True,False,False,False
Jsoup_60,Jsoup_60_n8.txt,False,140,3,1,False,True,False,False,False
Jsoup_58,Jsoup_58_n7.txt,True,59,2,1,False,False,False,False,False
Jsoup_58,Jsoup_58_n1.txt,False,44,2,1,False,False,False,False,False
Jsoup_58,Jsoup_58_n4.txt,False,68,1,1,False,False,True,False,False
Jsoup_59,Jsoup_59_n8.txt,False,54,5,1,True,False,False,False,True
Jsoup_59,Jsoup_59_n3.txt,False,57,1,1,True,False,False,False,True
Jsoup_59,Jsoup_59_n10.txt,False,54,5,1,True,False,False,False,True
Jsoup_59,Jsoup_59_n9.txt,False,49,5,1,True,False,False,False,True
Jsoup_59,Jsoup_59_n4.txt,False,59,1,1,True,False,False,False,True
Jsoup_59,Jsoup_59_n2.txt,False,43,1,1,True,False,False,False,True
Jsoup_59,Jsoup_59_n7.txt,False,61,2,1,True,False,False,False,True
Jsoup_59,Jsoup_59_n1.txt,False,52,5,1,True,False,False,False,True
Jsoup_59,Jsoup_59_n5.txt,False,54,2,1,True,False,False,False,True
Jsoup_59,Jsoup_59_n6.txt,False,43,5,1,True,False,False,False,True
Jsoup_67,Jsoup_67_n3.txt,False,94,1,1,True,False,False,False,False
Jsoup_62,Jsoup_62_n10.txt,False,55,1,1,False,False,True,False,False
Jsoup_62,Jsoup_62_n6.txt,True,131,6,1,False,False,False,False,False
Jsoup_62,Jsoup_62_n4.txt,False,88,2,1,False,False,True,False,False
Jsoup_62,Jsoup_62_n7.txt,True,104,6,1,False,False,False,False,False
Jsoup_62,Jsoup_62_n3.txt,True,101,6,1,False,False,False,False,False
Jsoup_62,Jsoup_62_n9.txt,True,119,6,2,False,False,False,False,False
Jsoup_62,Jsoup_62_n2.txt,True,130,6,1,False,False,False,False,False
Jsoup_62,Jsoup_62_n8.txt,False,80,2,1,False,False,True,False,False
Jsoup_64,Jsoup_64_n5.txt,True,42,6,1,False,False,False,False,False
Jsoup_64,Jsoup_64_n1.txt,False,58,1,1,False,False,False,False,False
Jsoup_64,Jsoup_64_n2.txt,True,52,6,1,False,False,False,False,False
Jsoup_64,Jsoup_64_n8.txt,True,47,6,1,False,False,False,False,False
Jsoup_64,Jsoup_64_n3.txt,True,49,6,1,False,False,False,False,False
Jsoup_64,Jsoup_64_n6.txt,True,47,6,1,False,False,False,False,False
Jsoup_64,Jsoup_64_n10.txt,True,47,6,1,False,False,False,False,False
Jsoup_64,Jsoup_64_n9.txt,False,37,1,1,False,False,False,False,False
Jsoup_64,Jsoup_64_n4.txt,True,63,1,1,False,False,False,False,False
Jsoup_65,Jsoup_65_n2.txt,False,90,2,1,False,False,False,False,False
Jsoup_65,Jsoup_65_n8.txt,False,114,2,1,False,False,False,False,False
Jsoup_7,Jsoup_7_n1.txt,False,79,2,1,False,True,False,False,False
Jsoup_7,Jsoup_7_n8.txt,False,68,2,1,False,True,False,False,False
Jsoup_7,Jsoup_7_n5.txt,False,79,1,1,False,True,False,False,False
Jsoup_7,Jsoup_7_n9.txt,False,78,1,1,False,True,False,False,False
Jsoup_7,Jsoup_7_n7.txt,False,74,2,1,False,True,False,False,False
Jsoup_7,Jsoup_7_n4.txt,False,74,2,1,False,True,False,False,False
Jsoup_69,Jsoup_69_n8.txt,False,100,1,1,True,True,False,False,False
Jsoup_68,Jsoup_68_n5.txt,False,13,1,1,True,True,False,False,False
Jsoup_68,Jsoup_68_n10.txt,False,93,1,1,True,False,False,False,False
Jsoup_68,Jsoup_68_n7.txt,False,47,1,1,True,False,False,False,False
Jsoup_66,Jsoup_66_n4.txt,True,123,4,2,False,False,False,False,False
Jsoup_66,Jsoup_66_n6.txt,True,131,4,1,False,False,False,False,False
Jsoup_66,Jsoup_66_n10.txt,True,125,4,1,False,False,False,False,False
Jsoup_74,Jsoup_74_n4.txt,True,42,1,1,False,False,False,False,False
Jsoup_70,Jsoup_70_n1.txt,True,59,9,2,False,False,False,False,False
Jsoup_70,Jsoup_70_n10.txt,True,53,9,4,False,False,False,False,False
Jsoup_70,Jsoup_70_n3.txt,True,55,9,1,False,False,False,False,False
Jsoup_70,Jsoup_70_n8.txt,False,59,1,1,False,False,False,False,False
Jsoup_70,Jsoup_70_n7.txt,True,61,9,2,False,False,False,False,False
Jsoup_72,Jsoup_72_n6.txt,False,37,9,2,True,True,False,False,True
Jsoup_72,Jsoup_72_n1.txt,False,37,9,2,True,True,False,False,True
Jsoup_72,Jsoup_72_n7.txt,False,37,9,3,True,True,False,False,True
Jsoup_72,Jsoup_72_n8.txt,False,37,9,2,True,True,False,False,True
Jsoup_71,Jsoup_71_n9.txt,False,51,2,1,False,True,False,False,False
Jsoup_71,Jsoup_71_n4.txt,False,51,6,1,False,True,False,False,False
Jsoup_71,Jsoup_71_n7.txt,False,51,1,1,False,True,False,False,False
Jsoup_71,Jsoup_71_n8.txt,False,51,6,2,False,True,False,False,False
Jsoup_71,Jsoup_71_n1.txt,False,49,6,1,False,True,False,False,False
Jsoup_71,Jsoup_71_n6.txt,False,40,6,1,False,True,False,False,False
Jsoup_71,Jsoup_71_n5.txt,False,51,6,1,False,True,False,False,False
Jsoup_71,Jsoup_71_n10.txt,False,60,2,1,False,True,False,False,False
Jsoup_79,Jsoup_79_n7.txt,False,40,1,1,True,False,False,False,False
Jsoup_76,Jsoup_76_n9.txt,False,101,2,1,False,False,True,False,False
Jsoup_76,Jsoup_76_n8.txt,False,100,2,1,False,False,True,False,False
Jsoup_75,Jsoup_75_n8.txt,False,35,2,1,False,False,False,False,False
Jsoup_75,Jsoup_75_n7.txt,True,38,2,2,False,False,False,False,False
Jsoup_75,Jsoup_75_n9.txt,True,38,3,1,False,False,False,False,False
Jsoup_75,Jsoup_75_n3.txt,True,38,3,2,False,False,False,False,False
Jsoup_75,Jsoup_75_n6.txt,True,39,1,1,False,False,False,False,False
Jsoup_75,Jsoup_75_n10.txt,True,37,1,1,False,False,False,False,False
Jsoup_75,Jsoup_75_n5.txt,False,39,1,1,False,False,False,False,False
Jsoup_75,Jsoup_75_n1.txt,False,28,2,1,False,False,False,False,False
Jsoup_77,Jsoup_77_n9.txt,True,48,10,9,False,False,True,False,False
Jsoup_77,Jsoup_77_n8.txt,True,53,10,1,False,False,True,False,False
Jsoup_81,Jsoup_81_n2.txt,True,67,3,1,False,False,True,False,False
Jsoup_81,Jsoup_81_n8.txt,False,71,1,1,False,False,False,False,False
Jsoup_81,Jsoup_81_n5.txt,True,67,3,1,False,False,True,False,False
Jsoup_81,Jsoup_81_n6.txt,True,72,3,1,False,False,True,False,False
Jsoup_81,Jsoup_81_n4.txt,False,86,2,1,False,False,False,False,False
Jsoup_81,Jsoup_81_n7.txt,False,92,2,1,False,False,False,False,False
Jsoup_78,Jsoup_78_n5.txt,False,71,2,1,True,False,False,False,True
Jsoup_78,Jsoup_78_n2.txt,False,48,2,1,True,False,False,False,True
Jsoup_78,Jsoup_78_n1.txt,False,57,1,1,True,True,False,False,True
Jsoup_82,Jsoup_82_n5.txt,False,48,2,1,True,False,False,False,True
Jsoup_82,Jsoup_82_n7.txt,False,48,2,1,True,False,False,False,True
Jsoup_83,Jsoup_83_n5.txt,True,54,10,6,False,False,False,False,False
Jsoup_83,Jsoup_83_n4.txt,True,54,10,2,False,False,False,False,False
Jsoup_83,Jsoup_83_n8.txt,True,58,10,2,False,False,False,False,False
Jsoup_9,Jsoup_9_n7.txt,False,36,2,1,False,False,True,False,False
Jsoup_9,Jsoup_9_n4.txt,True,29,1,1,False,False,False,False,False
Jsoup_9,Jsoup_9_n1.txt,False,29,1,1,False,False,False,False,False
Jsoup_9,Jsoup_9_n3.txt,False,29,1,1,False,False,False,False,False
Jsoup_9,Jsoup_9_n6.txt,False,29,1,1,False,False,False,False,False
Jsoup_9,Jsoup_9_n2.txt,True,29,1,1,False,False,False,False,False
Jsoup_9,Jsoup_9_n9.txt,False,36,1,1,False,False,False,False,False
Jsoup_9,Jsoup_9_n5.txt,False,31,1,1,False,False,False,False,False
Jsoup_9,Jsoup_9_n10.txt,False,34,2,1,False,False,True,False,False
Jsoup_9,Jsoup_9_n8.txt,False,34,1,1,False,False,False,False,False
Jsoup_88,Jsoup_88_n6.txt,True,93,3,1,False,False,True,False,False
Jsoup_88,Jsoup_88_n10.txt,True,99,3,1,False,False,True,False,False
Jsoup_88,Jsoup_88_n3.txt,True,71,3,1,False,False,True,False,False
Jsoup_91,Jsoup_91_n10.txt,False,67,1,1,True,False,False,False,False
Jsoup_91,Jsoup_91_n7.txt,False,52,1,1,True,False,False,False,False
Jsoup_91,Jsoup_91_n2.txt,False,43,1,1,True,False,False,False,False
Jsoup_91,Jsoup_91_n9.txt,False,39,1,1,True,False,False,False,False
Jsoup_91,Jsoup_91_n4.txt,True,57,1,1,True,False,False,False,False
Jsoup_91,Jsoup_91_n5.txt,False,59,1,1,True,False,False,False,False
Jsoup_91,Jsoup_91_n8.txt,False,39,1,1,True,False,False,False,False
Jsoup_92,Jsoup_92_n2.txt,True,43,1,1,False,False,False,False,False
Jsoup_92,Jsoup_92_n9.txt,True,48,1,1,False,False,False,False,False
Jsoup_92,Jsoup_92_n10.txt,True,43,2,2,False,False,False,False,False
Jsoup_92,Jsoup_92_n1.txt,True,43,2,1,False,False,False,False,False
Jsoup_92,Jsoup_92_n5.txt,False,33,4,1,False,True,False,False,False
Jsoup_92,Jsoup_92_n7.txt,True,38,4,1,False,True,False,False,False
Jsoup_92,Jsoup_92_n8.txt,True,48,2,1,False,False,False,False,False
Jsoup_92,Jsoup_92_n3.txt,True,34,4,1,False,True,False,False,False
Jsoup_92,Jsoup_92_n4.txt,False,33,4,1,False,True,False,False,False
JxPath_2,JxPath_2_n5.txt,False,72,1,1,False,True,False,False,False
JxPath_21,JxPath_21_n10.txt,False,140,6,2,False,False,False,False,False
JxPath_21,JxPath_21_n6.txt,False,140,6,4,False,False,False,False,False
JxPath_5,JxPath_5_n1.txt,False,56,1,1,True,True,False,False,True
JxPath_5,JxPath_5_n2.txt,False,84,1,1,True,True,False,False,True
JxPath_6,JxPath_6_n3.txt,False,39,1,1,False,False,False,False,False
JxPath_8,JxPath_8_n9.txt,False,38,7,3,False,False,False,False,False
JxPath_8,JxPath_8_n7.txt,False,21,7,1,False,False,False,False,False
JxPath_8,JxPath_8_n10.txt,False,24,7,1,False,False,False,False,False
JxPath_8,JxPath_8_n6.txt,False,26,7,2,False,False,False,False,False
JxPath_9,JxPath_9_n4.txt,False,24,5,3,False,False,False,False,False
JxPath_9,JxPath_9_n8.txt,False,21,5,1,False,False,False,False,False
JxPath_9,JxPath_9_n1.txt,False,38,5,1,False,False,False,False,False
Mockito_5,Mockito_5_n5.txt,False,48,1,1,True,True,False,False,False
